エリア名,平均単価（クーポン込み）,平均単価（クーポン抜）,最も注文が多い時間帯,クーポン利用率,1ユーザーあたり注文回数,平均LTV（クーポン込み）,平均LTV（クーポン抜）,,,
あけぼの,"1,791","1,085",11,86.00%,6.38,"11,430","6,924",,,
あざみ野,"1,975","1,048",11,98.40%,2.18,"4,314","2,289",,,
あびこ,"1,923","1,364",11,76.70%,6.27,"12,047","8,543",,,
いずみ野,"2,002","1,052",18,98.50%,2.3,"4,611","2,423",,,
お花茶屋,"1,966","1,471",18,71.70%,8.76,"17,209","12,876",,,
くぬぎ山,"1,857","1,035",11,92.60%,4.28,"7,956","4,436",,,
すすきの町,"1,944","1,163",11,92.00%,5.48,"10,651","6,372",,,
せんげん台,"1,729",807,18,100.00%,2.34,"4,052","1,890",,,
つきみ野,"1,943","1,331",18,76.40%,5.81,"11,282","7,729",,,
つくば柳橋,"1,617",417,10,100.00%,1.5,"2,425",625,,,
ときわ台,"1,847","1,362",19,71.10%,8.55,"15,803","11,650",,,
なんば,"1,882","1,327",19,75.90%,7.73,"14,543","10,253",,,
ぬで島町,"1,736",938,17,96.90%,10.76,"18,688","10,098",,,
はびきの,"1,963","1,003",11,100.00%,2.27,"4,462","2,280",,,
ひばりが丘,"1,851","1,173",11,90.20%,7.08,"13,098","8,304",,,
ひよどり台,"1,869",998,10,100.00%,3.17,"5,920","3,162",,,
ふじみ野霞ケ丘,"1,878","1,171",11,88.20%,6.64,"12,470","7,772",,,
みどり台,"1,873","1,003",11,97.40%,2.53,"4,744","2,541",,,
インター南,"1,988","1,544",12,62.10%,8.11,"16,125","12,525",,,
ドーム前,"1,855","1,304",19,76.40%,8.97,"16,636","11,698",,,
レイクタウン,"1,942","1,290",11,84.00%,5.47,"10,617","7,050",,,
一ツ木町3丁目,"1,750",897,18,92.00%,7.67,"13,423","6,878",,,
一津屋,"1,983","1,326",19,87.00%,5.99,"11,879","7,942",,,
一社,"1,826","1,041",11,94.70%,8.51,"15,531","8,852",,,
一色,"1,838","1,169",16,84.20%,2.38,"4,364","2,777",,,
七左町,"1,950","1,397",19,77.00%,6.3,"12,290","8,808",,,
七番町,"1,816","1,242",18,75.00%,5.65,"10,260","7,017",,,
七里ヶ浜,"2,525","1,575",18,100.00%,1,"2,525","1,575",,,
七隈,"1,810","1,033",19,93.80%,4.28,"7,743","4,419",,,
万町,"1,790","1,252",19,76.70%,7.57,"13,555","9,481",,,
万願寺,"1,882","1,276",18,82.60%,6.9,"12,987","8,805",,,
三ケ島,"1,973","1,024",18,92.80%,1.83,"3,612","1,875",,,
三ツ島,"1,930","1,264",18,81.90%,4.94,"9,524","6,237",,,
三保,"2,044","1,172",20,97.60%,2.56,"5,237","3,003",,,
三原,"1,875","1,315",18,78.50%,6.08,"11,402","7,994",,,
三反田町,"2,046","1,447",19,79.60%,5.52,"11,301","7,992",,,
三園,"1,840","1,392",19,69.70%,11.57,"21,281","16,102",,,
三宅中,"2,032","1,406",11,79.70%,5.33,"10,823","7,489",,,
三島,"1,804","1,237",18,72.90%,7.48,"13,489","9,250",,,
三本木五丁目,"1,951","1,393",19,74.50%,6.21,"12,117","8,654",,,
三橋,"1,880","1,318",18,77.80%,6.15,"11,565","8,113",,,
三沢,"1,948","1,352",11,81.00%,7.54,"14,697","10,201",,,
三箇,"2,155","1,255",18,94.90%,2.39,"5,158","3,003",,,
三組町,"1,640",845,18,96.00%,7.43,"12,178","6,276",,,
三軒茶屋,"2,032","1,549",19,68.30%,11.07,"22,493","17,153",,,
三郷市早稲田,"1,983","1,266",18,91.00%,6.73,"13,346","8,518",,,
上中居町,"1,721",856,11,94.20%,7.11,"12,236","6,086",,,
上中里,"1,990","1,507",11,70.40%,9.46,"18,824","14,260",,,
上中里町,"1,979","1,063",11,100.00%,2.45,"4,841","2,599",,,
上井草,"1,912","1,460",19,65.40%,8.25,"15,770","12,040",,,
上作延,"1,974","1,348",11,82.40%,6.55,"12,927","8,826",,,
上倉田町,"1,818","1,118",18,83.90%,7.26,"13,200","8,117",,,
上南畑,"1,975",848,16,100.00%,1.08,"2,140",919,,,
上吉田,"1,753","1,090",18,84.90%,6.91,"12,111","7,529",,,
上和田,"1,898",969,13,97.60%,2.14,"4,065","2,074",,,
上大増新田,"1,791","1,039",12,92.20%,5.04,"9,029","5,237",,,
上大岡東,"1,939","1,280",18,83.80%,6.44,"12,490","8,243",,,
上大市,"2,060","1,088",12,97.90%,1.79,"3,686","1,947",,,
上安松,"1,909","1,307",11,79.90%,5.53,"10,550","7,224",,,
上富,"1,874",674,11,100.00%,1,"1,874",674,,,
上小田中,"1,935","1,365",11,77.90%,6.26,"12,109","8,542",,,
上尾村,"2,093","1,171",12,97.00%,2.04,"4,271","2,389",,,
上尾町,"2,146","1,371",19,87.30%,3.97,"8,528","5,448",,,
上山口,"2,995","1,595",17,100.00%,1,"2,995","1,595",,,
上川井,"2,356","1,571",17,91.90%,3.7,"8,717","5,812",,,
上川崎,"1,837","1,050",18,88.60%,4.77,"8,766","5,012",,,
上戸田,"1,823","1,289",19,77.10%,7.34,"13,383","9,461",,,
上新庄,"1,853","1,323",19,74.40%,6.56,"12,149","8,677",,,
上早見,"1,822","1,168",16,88.40%,8.12,"14,787","9,479",,,
上末吉,"2,051","1,496",11,77.60%,7.41,"15,194","11,083",,,
上本郷,"1,991","1,030",19,100.00%,1.97,"3,930","2,033",,,
上水本町,"1,863","1,340",11,73.50%,7.1,"13,232","9,514",,,
上津島,"1,946","1,340",18,82.80%,6.65,"12,935","8,911",,,
上溝,"1,901","1,033",19,93.40%,2.43,"4,622","2,513",,,
上熊本,"1,732",996,18,92.60%,9.27,"16,054","9,231",,,
上牧町,"1,654",888,21,98.40%,3.05,"5,041","2,707",,,
上田,"1,902","1,095",19,91.80%,4.47,"8,502","4,896",,,
上白根,"2,113","1,172",18,96.30%,4.03,"8,506","4,718",,,
上矢切,"1,867","1,211",11,85.80%,5.74,"10,718","6,952",,,
上矢部,"1,834","1,014",11,90.60%,4.64,"8,506","4,700",,,
上祖師谷,"2,091","1,549",19,74.10%,7.64,"15,980","11,841",,,
上穂積,"1,976","1,033",18,97.60%,2.4,"4,733","2,475",,,
上篠崎,"1,915","1,442",18,70.20%,8.8,"16,861","12,693",,,
上草柳,"1,811","1,043",11,91.40%,6.27,"11,360","6,545",,,
上近江,"1,680",903,11,96.90%,8.9,"14,959","8,035",,,
上連雀,"2,002","1,517",19,72.70%,9.18,"18,378","13,929",,,
上郷,"2,195","1,102",11,93.80%,1.33,"2,927","1,469",,,
上郷町,"2,462","1,431",18,94.90%,1.44,"3,556","2,067",,,
上野,"2,095","1,585",11,71.70%,12.18,"25,525","19,312",,,
上野芝町,"1,949","1,229",18,87.80%,5.25,"10,238","6,453",,,
上青木西,"1,860","1,297",19,76.70%,6.98,"12,993","9,062",,,
上飯田町,"1,824",934,11,94.60%,5.14,"9,372","4,801",,,
上鳥羽奈須野町,"2,084","1,007",17,100.00%,1.37,"2,852","1,378",,,
上麻生,"1,913","1,146",12,89.80%,5.44,"10,400","6,231",,,
下九沢,"2,139","1,212",11,98.60%,2.85,"6,102","3,459",,,
下伊福西町,"1,738",925,19,93.40%,6.07,"10,556","5,618",,,
下北沢,"2,161","1,661",18,69.20%,11.59,"25,035","19,240",,,
下南畑,"2,397","2,230",10,33.30%,1.5,"3,595","3,345",,,
下坂町,"1,833","1,216",18,85.00%,7.15,"13,102","8,689",,,
下大久保,"1,801","1,253",19,78.00%,7.08,"12,748","8,868",,,
下安松,"2,010","1,385",11,84.30%,5.83,"11,712","8,072",,,
下宿,"1,779",928,19,98.50%,2.83,"5,028","2,624",,,
下小山田町,"1,973","1,415",19,73.20%,6.66,"13,152","9,430",,,
下小田中,"1,961","1,425",11,75.00%,6.37,"12,498","9,080",,,
下市場２丁目,"1,897","1,115",18,93.30%,6.85,"13,003","7,640",,,
下新日曹町,"1,804","1,091",10,74.10%,8,"14,433","8,726",,,
下新河岸,"1,824","1,204",18,80.40%,8.2,"14,964","9,876",,,
下松町,"1,909",947,19,100.00%,2.09,"3,997","1,983",,,
下河原,"1,779","1,252",17,87.60%,16.26,"28,936","20,351",,,
下町屋,"1,927","1,108",18,91.30%,4.31,"8,310","4,780",,,
下藤沢,"1,936","1,184",11,88.80%,4.95,"9,588","5,866",,,
下赤江町,"1,714",865,17,91.60%,4.75,"8,135","4,106",,,
下里,"2,109","1,537",11,77.70%,7.85,"16,555","12,061",,,
下間久里,"2,010","1,067",11,96.20%,1.84,"3,702","1,966",,,
下鳥羽平塚町,"1,920","1,139",19,94.00%,6.02,"11,550","6,852",,,
下鴨梅ノ木町,"1,844","1,162",18,86.50%,4.37,"8,056","5,075",,,
世田谷中町,"2,252","1,662",11,76.00%,6.24,"14,065","10,379",,,
世田谷成城,"2,032","1,420",18,81.70%,7.23,"14,683","10,266",,,
世田谷桜,"2,115","1,586",18,73.20%,7.63,"16,139","12,100",,,
世田谷砧,"2,200","1,595",11,79.30%,6.56,"14,425","10,460",,,
両国,"1,948","1,501",19,66.20%,11.64,"22,682","17,477",,,
並木,"1,879","1,298",11,82.50%,7,"13,156","9,089",,,
並木元町,"1,799","1,227",11,81.90%,7.46,"13,426","9,155",,,
中,"2,188","1,318",11,93.90%,1.94,"4,247","2,559",,,
中原町,"1,838","1,096",18,90.80%,5.64,"10,362","6,181",,,
中台,"1,884","1,150",12,91.80%,6.27,"11,809","7,209",,,
中央,"1,827","1,317",18,72.40%,7.1,"12,977","9,356",,,
中央林間,"2,011","1,417",18,81.30%,7.09,"14,246","10,038",,,
中央港,"1,899","1,349",18,81.00%,6.86,"13,036","9,262",,,
中央町４丁目,"1,869","1,292",11,82.20%,7.8,"14,574","10,078",,,
中央１丁目,"2,073","1,532",18,74.00%,6.93,"14,367","10,621",,,
中富,"1,650",707,20,100.00%,2.3,"3,796","1,626",,,
中尾,"2,161","1,530",19,84.80%,4.82,"10,413","7,373",,,
中山,"2,144","1,442",11,86.70%,4.12,"8,835","5,943",,,
中山台,"1,859","1,051",11,90.20%,3,"5,576","3,152",,,
中山手通,"1,811","1,268",19,76.60%,6.97,"12,614","8,830",,,
中山西,"2,058","1,363",18,85.40%,3.66,"7,538","4,991",,,
中山観音,"2,094","1,157",19,95.10%,1.95,"4,076","2,253",,,
中島町,"1,825","1,257",19,77.00%,5.77,"10,532","7,252",,,
中島通,"1,816","1,254",18,79.30%,6.9,"12,537","8,660",,,
中崎,"2,071","1,030",11,100.00%,1.63,"3,371","1,676",,,
中川３丁目,"2,016","1,071",11,96.70%,2.33,"4,700","2,498",,,
中平,"1,732","1,012",11,93.00%,6.86,"11,883","6,939",,,
中新井,"1,871","1,302",11,78.10%,4.84,"9,061","6,304",,,
中新切,"2,109","1,202",12,92.70%,3.94,"8,306","4,736",,,
中新田,"1,954","1,005",18,95.90%,3.98,"7,775","3,998",,,
中木田町,"1,836","1,132",18,86.50%,5.63,"10,333","6,368",,,
中村町,"1,888","1,124",18,91.90%,5.1,"9,632","5,732",,,
中沢,"1,824","1,181",19,84.20%,7.76,"14,157","9,172",,,
中津,"1,849","1,318",19,74.50%,9.21,"17,034","12,144",,,
中清戸,"2,139","1,392",18,87.40%,4.66,"9,957","6,480",,,
中田,"1,734",966,11,96.10%,7.68,"13,324","7,418",,,
中田出井町,"1,937","1,369",18,77.50%,5.84,"11,311","7,995",,,
中田西,"2,048","1,119",11,93.30%,3.57,"7,311","3,997",,,
中目黒,"2,233","1,748",11,66.90%,12.23,"27,308","21,387",,,
中石切町,"2,014","1,149",18,93.40%,3.67,"7,384","4,212",,,
中野,"1,920","1,479",19,65.20%,13.66,"26,236","20,214",,,
中野上町,"1,778","1,245",19,77.80%,8.08,"14,366","10,057",,,
中野沼袋,"1,890","1,436",19,67.10%,10.81,"20,432","15,523",,,
中鴻池町,"1,993","1,029",17,98.40%,2.09,"4,165","2,150",,,
丸山町,"1,785",795,11,98.00%,2.63,"4,697","2,092",,,
丹上,"2,013","1,260",11,88.20%,4.88,"9,820","6,148",,,
久世大築町,"2,215","1,205",18,100.00%,1.71,"3,789","2,060",,,
久代,"1,988","1,121",18,97.10%,2.18,"4,333","2,444",,,
久保,"2,417","1,778",18,80.60%,7.52,"18,179","13,369",,,
久保稲荷,"2,121","1,089",18,98.90%,1.86,"3,951","2,029",,,
久喜中央,"1,738",931,18,90.20%,5.85,"10,174","5,453",,,
久我山,"1,904","1,401",19,73.60%,7.93,"15,110","11,119",,,
久我御旅町,"2,194","1,241",19,98.20%,1.58,"3,474","1,965",,,
久方,"1,825","1,022",18,93.30%,5.67,"10,349","5,796",,,
久本,"1,939","1,357",18,76.70%,6.06,"11,758","8,228",,,
久米川町,"1,988","1,408",18,78.90%,5.15,"10,239","7,253",,,
久米田池,"2,027","1,050",17,100.00%,1.63,"3,294","1,706",,,
久里浜,"2,190",990,11,100.00%,1,"2,190",990,,,
久里浜台,"1,698",830,11,99.50%,4.15,"7,040","3,440",,,
亀久保,"1,879","1,090",11,86.90%,4.49,"8,445","4,898",,,
亀井野,"1,868","1,019",18,93.20%,4.97,"9,288","5,067",,,
亀戸,"1,949","1,460",19,71.30%,9.93,"19,346","14,494",,,
亀有,"1,927","1,345",18,76.00%,5.29,"10,188","7,111",,,
二の森,"1,828","1,231",11,81.30%,5.54,"10,125","6,819",,,
二俣川,"1,815",999,10,97.30%,3.25,"5,905","3,250",,,
二十四軒,"1,931","1,302",18,80.60%,6.78,"13,087","8,827",,,
二子玉川,"2,144","1,567",11,76.00%,6.98,"14,962","10,935",,,
二宮,"1,911","1,047",18,95.30%,4.24,"8,106","4,439",,,
二葉町,"2,089","1,511",18,76.70%,5.37,"11,208","8,110",,,
五反野,"1,918","1,395",18,75.10%,8.65,"16,587","12,066",,,
五月丘,"2,150","1,327",12,91.30%,4.48,"9,631","5,946",,,
五毛,"1,973","1,279",12,85.70%,2.93,"5,789","3,754",,,
五番町,"1,755","1,113",18,85.50%,6.99,"12,266","7,778",,,
五艘,"1,650",767,18,97.30%,6.69,"11,045","5,133",,,
井の頭公園,"2,027","1,539",18,72.50%,8.62,"17,467","13,262",,,
井口,"1,926","1,384",19,76.20%,7.74,"14,903","10,713",,,
井高野,"1,929","1,410",18,72.20%,7.02,"13,549","9,900",,,
交野山,"2,140",940,18,100.00%,1,"2,140",940,,,
京急田浦,"2,303","1,203",11,100.00%,1.37,"3,151","1,646",,,
京成立石,"2,075","1,568",18,72.80%,8.22,"17,057","12,891",,,
仁和寺町,"1,896","1,183",18,86.00%,4.94,"9,371","5,847",,,
仁川,"1,901",958,17,96.00%,2.26,"4,299","2,167",,,
今井町,"2,140","1,123",11,100.00%,1.64,"3,510","1,842",,,
今宿西町,"2,126","1,165",18,98.80%,2.15,"4,570","2,504",,,
今寺,"2,129","1,340",11,86.90%,3.56,"7,579","4,770",,,
今市,"1,929","1,364",18,78.60%,6.82,"13,161","9,308",,,
今成,"1,822","1,036",18,94.30%,6.53,"11,891","6,766",,,
今泉台,"2,301","1,577",11,76.20%,4.07,"9,356","6,413",,,
今谷上町,"2,006",983,11,97.90%,1.59,"3,196","1,566",,,
今里,"1,916","1,044",17,88.60%,4.06,"7,787","4,243",,,
仏向町,"2,152","1,225",18,97.10%,1.92,"4,126","2,350",,,
仲町,"1,788","1,034",19,91.60%,6.95,"12,419","7,179",,,
仲町台,"1,949","1,169",11,88.20%,4.81,"9,370","5,619",,,
伊丹市清水,"1,968","1,211",11,89.70%,4.44,"8,739","5,374",,,
伊奈平,"2,278","1,676",11,76.90%,6.92,"15,752","11,590",,,
伊福町,"1,800","1,054",19,91.90%,8.57,"15,417","9,033",,,
会下山町,"1,936","1,426",18,68.60%,5.7,"11,046","8,132",,,
伝法・高見,"2,065","1,482",18,79.40%,6.68,"13,804","9,907",,,
伯太町,"1,956","1,096",11,93.20%,3.75,"7,334","4,108",,,
佃,"2,043","1,535",18,73.70%,6.5,"13,282","9,979",,,
住吉山手,"2,403","1,387",11,96.60%,1.52,"3,647","2,104",,,
住吉東,"1,995","1,461",19,75.30%,6.49,"12,953","9,484",,,
住吉神社,"1,747",809,10,98.70%,2.53,"4,425","2,050",,,
住道矢田,"1,919","1,336",18,78.50%,5.49,"10,536","7,336",,,
佐井寺,"2,095","1,426",18,86.30%,5.14,"10,759","7,322",,,
佐助,"2,163","1,224",18,93.60%,3.05,"6,593","3,733",,,
佐江戸町,"2,163","1,232",18,98.30%,2.17,"4,686","2,669",,,
佐紀町,"1,811",940,12,95.40%,7.27,"13,170","6,840",,,
佐野町,"1,878",993,19,97.70%,2.98,"5,591","2,956",,,
作草部,"1,729","1,196",19,77.30%,7.83,"13,540","9,365",,,
俊徳道,"1,814","1,199",18,82.00%,5.66,"10,267","6,787",,,
倉見,"2,354","1,491",18,97.60%,3.15,"7,411","4,692",,,
元和泉,"1,882","1,310",19,81.50%,8.76,"16,492","11,478",,,
元浜町,"1,899","1,032",18,97.30%,2.66,"5,059","2,749",,,
光が丘,"1,939","1,455",19,72.20%,9.53,"18,492","13,875",,,
光町,"1,811","1,190",19,84.80%,5.24,"9,488","6,231",,,
入谷西,"1,853",917,21,98.90%,2.76,"5,110","2,530",,,
入間鍵山,"2,092","1,123",17,99.40%,2.13,"4,460","2,394",,,
八丁西町,"1,868","1,099",18,93.60%,5.99,"11,197","6,584",,,
八千代台東,"1,817","1,130",11,92.30%,9.01,"16,373","10,185",,,
八千代緑が丘,"1,902","1,185",11,88.10%,5.67,"10,786","6,722",,,
八尾市跡部本町,"2,123","1,467",18,88.30%,7.02,"14,914","10,305",,,
八尾本町,"1,921","1,229",18,85.60%,6.94,"13,327","8,527",,,
八尾空港,"1,950",879,18,94.10%,1.21,"2,367","1,067",,,
八幡山,"2,024","1,477",18,75.80%,7.02,"14,201","10,366",,,
八幡木,"2,022","1,496",11,78.00%,9.23,"18,655","13,800",,,
八幡福禄谷,"1,890","1,074",11,96.30%,5.34,"10,081","5,730",,,
八広,"2,020","1,551",18,69.50%,10.7,"21,617","16,603",,,
八戸ノ里,"1,897","1,300",18,78.30%,5.22,"9,910","6,790",,,
八景島,"1,714","1,039",11,89.20%,6.17,"10,572","6,405",,,
八条町,"1,949","1,088",18,92.30%,4.75,"9,248","5,162",,,
八條,"1,715","1,263",19,65.50%,10.36,"17,765","13,077",,,
八潮,"2,073","1,467",18,82.00%,7.65,"15,864","11,225",,,
八潮中央,"2,005","1,038",20,100.00%,2.18,"4,362","2,258",,,
八潮八條,"1,967",820,12,100.00%,1.12,"2,198",916,,,
八潮市緑町,"2,057","1,494",18,76.70%,5.61,"11,535","8,378",,,
八王子市台町,"1,788","1,272",11,72.80%,8.11,"14,513","10,319",,,
公田町,"1,914","1,134",11,91.10%,5.59,"10,698","6,340",,,
六供町,"1,719",911,18,95.90%,6.65,"11,432","6,057",,,
六実,"1,965",998,11,99.00%,2.08,"4,087","2,075",,,
六本木,"2,593","2,122",19,63.30%,11.06,"28,672","23,460",,,
六本松,"1,959","1,415",19,78.70%,8.47,"16,590","11,986",,,
六条片田,"1,657",703,19,97.80%,5.09,"8,431","3,577",,,
六泉寺町,"1,752",779,13,96.20%,4.33,"7,594","3,377",,,
六角橋,"1,852","1,285",18,77.30%,6.15,"11,391","7,906",,,
内川,"2,042","1,062",11,96.20%,1.9,"3,885","2,021",,,
内浜,"1,766","1,114",18,85.00%,5.59,"9,875","6,230",,,
内牧,"1,717","1,195",12,85.60%,13.58,"23,324","16,232",,,
内藤,"1,919","1,407",11,73.90%,8.63,"16,567","12,148",,,
内野本郷,"1,963","1,372",18,82.80%,7.75,"15,221","10,639",,,
円上町,"1,872","1,303",18,79.00%,7.27,"13,613","9,475",,,
出口,"2,154","1,347",11,90.40%,4.11,"8,844","5,532",,,
出島西町,"1,859","1,110",19,93.20%,5.02,"9,325","5,566",,,
分梅町,"1,938","1,381",11,77.90%,7.51,"14,556","10,369",,,
刈谷中山町,"1,879","1,048",18,84.60%,6.15,"11,553","6,443",,,
初台,"2,103","1,640",11,67.50%,14.77,"31,066","24,222",,,
別府,"1,847","1,227",19,83.90%,5.5,"10,163","6,754",,,
別所,"1,982","1,403",11,81.00%,6.07,"12,023","8,510",,,
則武,"1,873","1,240",19,84.50%,5.29,"9,897","6,551",,,
前原東,"1,879","1,326",19,78.90%,7.05,"13,244","9,348",,,
前地,"1,814","1,274",11,76.00%,6.83,"12,384","8,698",,,
前貝塚町,"1,988","1,420",11,81.40%,6.66,"13,238","9,458",,,
加治屋町,"1,701",918,19,92.40%,6.34,"10,791","5,825",,,
加美北,"1,992","1,433",19,79.70%,6.5,"12,959","9,320",,,
加美鞍作,"1,923","1,341",19,82.00%,7.14,"13,737","9,580",,,
助信町,"1,723",866,18,94.00%,4.62,"7,955","3,998",,,
助松,"1,831",731,18,100.00%,1.25,"2,289",914,,,
勝どき,"2,171","1,673",11,72.10%,16.6,"36,037","27,773",,,
勝沼,"2,110","1,293",18,94.70%,2.85,"6,014","3,684",,,
勝瀬,"1,917","1,153",18,89.30%,5.55,"10,644","6,401",,,
勝部,"1,978","1,327",18,87.20%,6.03,"11,931","8,007",,,
北11条,"1,890","1,269",18,84.80%,7.58,"14,331","9,621",,,
北19条,"1,914","1,266",19,82.50%,6.11,"11,694","7,736",,,
北20条,"1,957","1,316",18,81.90%,6.37,"12,467","8,384",,,
北26条,"1,934","1,301",19,81.60%,6.15,"11,895","8,005",,,
北31条,"1,859","1,155",18,89.40%,6.05,"11,245","6,986",,,
北3条,"1,957","1,329",18,82.20%,6.58,"12,883","8,750",,,
北44条,"1,930","1,210",18,87.60%,5,"9,655","6,051",,,
北4条,"1,859","1,226",19,84.50%,9.17,"17,039","11,241",,,
北一色,"1,764",734,18,96.20%,3.55,"6,253","2,603",,,
北中,"1,929","1,240",11,89.30%,4.84,"9,336","6,000",,,
北信太,"1,880",901,19,96.00%,1.74,"3,279","1,572",,,
北八王子,"1,869",968,19,98.10%,2.57,"4,796","2,484",,,
北初富,"1,972","1,070",18,97.80%,1.89,"3,735","2,027",,,
北区本郷町,"1,920","1,317",19,81.70%,5.4,"10,359","7,107",,,
北千住,"1,943","1,436",11,74.50%,9.1,"17,683","13,070",,,
北寺尾,"2,043","1,466",18,78.10%,6.57,"13,427","9,633",,,
北寺島町,"1,649",951,18,92.60%,6.69,"11,036","6,363",,,
北岩岡,"1,906","1,493",17,57.20%,7.77,"14,805","11,595",,,
北市川,"2,081","1,281",10,100.00%,8,"16,650","10,250",,,
北新田,"1,703",590,11,100.00%,4.6,"7,833","2,713",,,
北方町,"1,973","1,388",19,81.60%,6.14,"12,105","8,516",,,
北村,"2,147","1,570",19,78.90%,6.84,"14,690","10,743",,,
北栄,"1,846","1,349",19,71.80%,8.41,"15,530","11,347",,,
北永井,"2,014","1,252",11,92.10%,4.36,"8,784","5,462",,,
北浜,"1,876","1,352",19,72.40%,8.6,"16,133","11,628",,,
北田辺,"1,882","1,336",18,77.00%,7.1,"13,356","9,482",,,
北秋津,"1,881","1,352",18,76.90%,7.39,"13,891","9,983",,,
北綾瀬,"1,878","1,390",11,73.50%,9.24,"17,361","12,845",,,
北緑丘,"2,005","1,278",18,90.80%,5.5,"11,026","7,025",,,
北花田町,"1,912","1,281",19,85.50%,5.69,"10,880","7,291",,,
北葛西,"1,948","1,442",19,72.30%,8.69,"16,919","12,526",,,
北野町,"1,909","1,344",19,77.70%,6.13,"11,696","8,236",,,
北野５条,"1,866","1,126",18,90.90%,4.89,"9,129","5,507",,,
北長尾町,"1,890","1,235",18,87.20%,6.08,"11,500","7,515",,,
北青柳,"1,679","1,075",14,95.90%,8.71,"14,631","9,370",,,
十太夫,"1,780",867,18,100.00%,2.17,"3,857","1,878",,,
十日市場町,"2,013","1,209",18,89.60%,4.57,"9,195","5,524",,,
十条,"1,885","1,426",11,68.00%,10.21,"19,235","14,557",,,
千代,"1,817","1,294",19,74.00%,7.78,"14,130","10,069",,,
千代田,"1,825","1,257",19,77.60%,6.16,"11,241","7,744",,,
千代田町,"1,697",965,18,89.20%,6.79,"11,522","6,550",,,
千川,"1,881","1,405",18,69.00%,10,"18,816","14,054",,,
千歳烏山,"1,933","1,431",19,73.80%,8.76,"16,921","12,525",,,
千歳船橋,"2,116","1,559",18,76.60%,6.62,"14,005","10,319",,,
千草台,"1,945","1,090",19,95.40%,4.9,"9,538","5,343",,,
千葉幸町,"1,831","1,309",18,76.50%,8.04,"14,731","10,530",,,
千里丘東,"2,002","1,215",18,92.70%,4.24,"8,497","5,157",,,
千鳥,"1,926","1,483",18,66.10%,11.08,"21,348","16,440",,,
半城土中町,"2,026","1,098",18,95.90%,5.25,"10,646","5,768",,,
半田,"2,074","1,215",12,93.80%,4.52,"9,375","5,493",,,
南,"1,977","1,340",18,83.10%,6.02,"11,891","8,060",,,
南12条,"1,941","1,306",19,83.80%,6.38,"12,389","8,340",,,
南つくし野,"2,289","1,357",11,98.70%,2.35,"5,371","3,186",,,
南上小阪,"1,774","1,205",19,76.60%,6.42,"11,385","7,734",,,
南中丸,"1,883","1,180",11,90.80%,4.11,"7,746","4,854",,,
南京終町,"1,709",943,18,96.20%,7.6,"12,988","7,171",,,
南六郷,"1,924","1,465",18,68.50%,10.08,"19,386","14,761",,,
南加瀬,"1,926","1,328",19,80.80%,5.99,"11,541","7,959",,,
南千住,"2,001","1,529",19,67.00%,8.87,"17,744","13,555",,,
南千田東町,"1,838","1,228",18,82.20%,5.21,"9,575","6,397",,,
南台,"1,896","1,308",18,80.70%,6.91,"13,109","9,043",,,
南吹田,"1,943","1,399",19,76.30%,6.56,"12,748","9,179",,,
南大橋,"1,857","1,200",18,85.20%,5.14,"9,543","6,164",,,
南大沢,"1,907","1,233",18,82.70%,5.51,"10,516","6,801",,,
南大泉,"1,900","1,374",18,75.50%,6.78,"12,879","9,314",,,
南寺方東通,"1,964","1,317",19,85.80%,5.65,"11,103","7,448",,,
南小岩,"2,006","1,478",18,72.00%,8,"16,043","11,818",,,
南小阪合町,"1,911","1,149",11,87.40%,4.27,"8,163","4,909",,,
南川崎,"2,055","1,120",18,96.90%,2.5,"5,138","2,801",,,
南希望が丘,"2,055","1,105",11,98.00%,2.24,"4,597","2,471",,,
南平,"1,866","1,177",11,87.40%,6.32,"11,795","7,443",,,
南平台,"2,008",937,11,100.00%,1.44,"2,887","1,346",,,
南恩加島,"1,968","1,399",18,75.40%,4.95,"9,752","6,932",,,
南春日丘,"2,072","1,069",18,96.60%,1.65,"3,414","1,763",,,
南木の本,"1,910","1,052",14,94.60%,3.22,"6,145","3,386",,,
南林間,"1,832","1,147",18,88.40%,6.83,"12,504","7,832",,,
南栄町,"1,957","1,423",18,74.30%,9.68,"18,954","13,777",,,
南橋本,"1,856","1,155",11,88.30%,6.63,"12,305","7,658",,,
南沖野町,"1,902","1,008",19,95.40%,5.77,"10,979","5,817",,,
南流山,"1,929","1,178",11,91.00%,6.78,"13,087","7,992",,,
南浅田,"1,704",926,17,85.20%,4.36,"7,425","4,033",,,
南湖,"1,922","1,041",11,96.00%,4,"7,694","4,165",,,
南生田,"1,838",957,19,97.70%,2.72,"4,998","2,602",,,
南田中,"2,120","1,619",18,69.90%,7,"14,838","11,334",,,
南町２丁目,"1,974","1,075",18,98.20%,2.72,"5,374","2,928",,,
南砂町,"2,035","1,510",11,76.20%,7.85,"15,969","11,847",,,
南篠崎町,"1,884","1,418",19,67.40%,8.39,"15,805","11,897",,,
南花田町,"1,930","1,171",11,89.70%,3.96,"7,637","4,633",,,
南花畑,"2,066","1,529",19,75.70%,6.31,"13,031","9,642",,,
南茨木,"1,907","1,099",18,94.50%,4.43,"8,447","4,867",,,
南郷通,"1,916","1,268",19,84.30%,6.31,"12,091","8,000",,,
南金田,"1,690",724,18,93.40%,4.41,"7,459","3,195",,,
南陽台,"1,979","1,348",18,85.00%,7.25,"14,340","9,771",,,
南駒栄町,"1,864","1,350",17,75.00%,7.99,"14,891","10,783",,,
南鳩ヶ谷,"1,991","1,422",11,80.30%,6.89,"13,727","9,802",,,
南２６条西,"1,991","1,351",18,82.10%,6.75,"13,441","9,120",,,
南６条通,"1,846",861,20,98.10%,4.16,"7,683","3,583",,,
博多区半道橋,"1,818","1,302",19,73.30%,7.31,"13,288","9,515",,,
博多駅前,"1,825","1,292",19,75.30%,7.11,"12,972","9,183",,,
厚木旭町,"1,870","1,065",18,93.00%,5.57,"10,424","5,935",,,
厚木金田,"1,805",935,10,98.60%,3.65,"6,587","3,412",,,
原木,"1,859","1,366",18,70.60%,7.22,"13,435","9,872",,,
原町田,"1,883","1,334",19,78.70%,7.15,"13,461","9,533",,,
友田町,"1,959","1,181",18,91.30%,6.02,"11,791","7,110",,,
双代町,"1,854","1,003",18,95.50%,5.6,"10,384","5,615",,,
古和釜町,"1,888","1,047",12,93.70%,5.2,"9,825","5,446",,,
古市場,"2,106","1,291",11,91.20%,4.45,"9,377","5,748",,,
古郷,"1,706",619,11,100.00%,1.33,"2,275",825,,,
台原,"1,832","1,268",19,76.30%,6.17,"11,310","7,828",,,
台場,"2,602","2,084",18,75.90%,14.64,"38,102","30,520",,,
台村町,"1,935",990,19,97.50%,2.35,"4,538","2,323",,,
吉川,"2,075","1,217",11,92.40%,4.31,"8,937","5,240",,,
吉田本町,"1,964","1,319",18,87.60%,5.99,"11,763","7,895",,,
吉田町,"2,017","1,198",18,93.50%,5.59,"11,272","6,697",,,
吉祥寺,"1,892","1,373",19,77.00%,8.66,"16,391","11,891",,,
吉祥院南落合町,"1,896","1,237",19,84.00%,6.22,"11,800","7,696",,,
吉祥院堤外町,"1,987",980,18,98.80%,1.45,"2,877","1,419",,,
吉野,"1,793",946,17,96.50%,6.61,"11,842","6,247",,,
名古屋市泉,"1,875","1,270",18,81.00%,5.06,"9,494","6,431",,,
名古屋豊,"1,748","1,143",19,83.90%,7.86,"13,734","8,977",,,
名瀬町,"2,089","1,243",12,93.30%,4.89,"10,222","6,079",,,
名谷落合,"1,822",927,11,97.60%,1.83,"3,327","1,693",,,
名都借,"1,914","1,169",11,88.00%,6.9,"13,214","8,072",,,
吹田市千里山西,"1,815","1,217",19,81.60%,5.98,"10,858","7,283",,,
吾妻,"1,943","1,114",18,97.00%,7.47,"14,508","8,319",,,
呼続,"1,756","1,118",19,93.00%,11.52,"20,238","12,890",,,
和光南,"2,044","1,477",11,76.80%,5.17,"10,569","7,635",,,
和光市新倉,"1,904","1,346",11,74.80%,4.41,"8,397","5,936",,,
和名ケ谷,"1,800",929,18,100.00%,2.53,"4,547","2,347",,,
和泉町,"2,144","1,250",11,94.00%,4.36,"9,347","5,451",,,
和田山通,"1,956","1,368",18,79.10%,5.28,"10,323","7,218",,,
和田崎町,"1,939",889,10,100.00%,1,"1,939",889,,,
品川,"2,400","1,906",18,67.70%,9.35,"22,445","17,820",,,
品濃町,"2,032","1,266",11,85.90%,5.15,"10,460","6,516",,,
唐木田,"1,869","1,280",12,79.40%,6.91,"12,913","8,843",,,
善根寺,"1,885","1,024",11,93.90%,2.33,"4,399","2,389",,,
善行,"1,940","1,111",18,93.80%,5.94,"11,522","6,600",,,
喜沢,"1,811","1,312",19,71.50%,7.86,"14,232","10,311",,,
喜連,"1,995","1,407",18,79.60%,5.74,"11,460","8,085",,,
喜里川町,"1,947","1,196",19,86.30%,4.09,"7,968","4,894",,,
四ツ谷,"2,397","1,926",12,65.50%,24.53,"58,784","47,244",,,
四谷,"1,959","1,381",18,80.40%,6.77,"13,269","9,351",,,
図師町,"2,202","1,200",12,98.30%,1.88,"4,129","2,250",,,
国分,"1,940","1,350",18,82.50%,5.82,"11,298","7,864",,,
国分南,"1,891","1,018",11,98.20%,2.57,"4,856","2,615",,,
国分寺市北町,"2,039","1,466",18,75.20%,5.51,"11,245","8,086",,,
国分町,"1,802",898,17,97.10%,7.11,"12,810","6,379",,,
国府台,"1,846","1,182",11,87.90%,5.57,"10,287","6,588",,,
国松町,"2,027","1,132",18,96.00%,2.34,"4,753","2,655",,,
国領町,"1,905","1,433",19,69.50%,9.34,"17,791","13,382",,,
園生町,"1,991","1,434",19,79.10%,8.56,"17,041","12,270",,,
土棚,"1,977","1,212",18,90.30%,5.15,"10,176","6,236",,,
土樋,"1,803","1,180",19,81.20%,5.44,"9,809","6,419",,,
土橋,"2,020","1,302",11,87.50%,5.27,"10,640","6,857",,,
土生町,"1,868",851,18,100.00%,1.71,"3,195","1,456",,,
地蔵浜町,"2,087",961,11,100.00%,2.09,"4,364","2,009",,,
坂下,"2,017","1,499",18,73.50%,6.94,"13,996","10,399",,,
坂之下,"2,346","1,734",11,84.40%,6.4,"15,008","11,094",,,
坂浜,"1,913","1,264",11,88.80%,7.2,"13,778","9,105",,,
垂水大町,"1,939",922,19,100.00%,1.84,"3,568","1,696",,,
垂水桃山台,"1,919",941,17,93.00%,1.72,"3,301","1,619",,,
城下町,"1,806","1,124",18,82.50%,7.22,"13,040","8,118",,,
城南,"1,887","1,232",18,83.40%,6.54,"12,334","8,051",,,
埼玉八王子,"1,949","1,370",19,77.90%,5.44,"10,613","7,458",,,
堀,"2,226","1,176",17,100.00%,1.43,"3,180","1,680",,,
堀上緑町,"1,978","1,151",18,91.90%,3.57,"7,056","4,108",,,
堀之内,"1,900",896,11,100.00%,1.84,"3,500","1,650",,,
堀内,"2,331","1,396",11,100.00%,1.75,"4,080","2,443",,,
堀切,"2,047","1,574",19,65.90%,9.2,"18,831","14,475",,,
堀溝,"1,870","1,219",19,88.00%,6.47,"12,099","7,885",,,
堅田町,"1,903","1,356",19,76.30%,6.87,"13,064","9,312",,,
堤町,"1,881","1,134",11,92.30%,7.82,"14,718","8,873",,,
堺百舌鳥,"2,002","1,005",18,100.00%,1.6,"3,195","1,604",,,
堺福田,"1,839",842,19,97.90%,2.29,"4,202","1,924",,,
塚越,"1,960","1,406",11,76.00%,6.89,"13,508","9,686",,,
塩屋,"2,705","1,740",12,100.00%,1.89,"5,109","3,287",,,
塩浜,"1,946","1,095",19,92.10%,2,"3,892","2,190",,,
塩焼,"1,836","1,395",11,66.30%,9.13,"16,769","12,741",,,
境,"1,809","1,338",11,70.10%,9.3,"16,831","12,450",,,
増尾,"2,085","1,073",17,98.50%,1.45,"3,017","1,552",,,
増林,"1,897","1,287",12,81.80%,6.11,"11,588","7,862",,,
増森,"1,872","1,066",18,92.60%,5.3,"9,929","5,656",,,
壬生賀陽御所町,"1,832","1,243",19,78.80%,5.95,"10,895","7,394",,,
壱丁目,"2,073","1,352",19,89.00%,5.86,"12,158","7,925",,,
多井畑,"2,107","1,017",19,100.00%,1.38,"2,910","1,405",,,
多摩動物公園,"1,902","1,082",17,97.90%,2.85,"5,427","3,088",,,
多摩平,"1,983","1,279",18,86.40%,5.26,"10,422","6,725",,,
多磨町,"2,102","1,563",18,71.30%,5.75,"12,098","8,992",,,
多聞院,"1,890",857,12,100.00%,1.5,"2,835","1,285",,,
夢の島,"2,435","1,738",19,81.90%,3.11,"7,580","5,408",,,
大久保,"1,987","1,086",18,96.20%,1.95,"3,870","2,115",,,
大井,"1,992","1,450",11,74.40%,11.02,"21,944","15,975",,,
大井町,"1,982","1,502",11,72.20%,11.99,"23,759","18,003",,,
大仙波,"1,893","1,136",18,87.30%,4.32,"8,172","4,903",,,
大倉山,"1,855","1,287",18,76.80%,6.32,"11,727","8,133",,,
大吹町,"1,939","1,002",19,98.00%,2.09,"4,053","2,095",,,
大和田,"1,922","1,371",19,75.40%,6,"11,530","8,221",,,
大和田新田,"1,974","1,171",11,92.50%,5.54,"10,943","6,489",,,
大和田町,"1,602","1,113",18,71.10%,9.33,"14,948","10,379",,,
大堀,"2,335","1,327",11,94.70%,1.36,"3,169","1,801",,,
大塚,"1,753","1,150",19,76.80%,6.92,"12,128","7,953",,,
大塚町,"1,850","1,156",11,82.90%,5.14,"9,514","5,947",,,
大塚町３丁目,"1,949","1,187",12,83.90%,5.53,"10,777","6,564",,,
大字三条町,"3,720","2,520",10,100.00%,1,"3,720","2,520",,,
大字原市,"1,671",896,16,81.30%,2.74,"4,582","2,458",,,
大字塚本,"1,617",846,14,87.50%,2.4,"3,881","2,031",,,
大字大曽根,"2,037","1,085",18,95.10%,1.49,"3,031","1,614",,,
大字大瀬,"2,131","1,157",18,97.40%,1.7,"3,623","1,966",,,
大字山口,"2,230","1,235",18,97.60%,1.52,"3,386","1,876",,,
大字木曽呂,"1,881",967,17,100.00%,2.23,"4,189","2,155",,,
大字東本郷,"1,965",915,18,100.00%,1.44,"2,830","1,318",,,
大字美女木,"1,895",997,12,95.60%,3.21,"6,093","3,203",,,
大室,"1,972","1,099",15,95.00%,1.82,"3,585","1,998",,,
大宮八幡宮,"1,888","1,445",19,65.50%,12.41,"23,422","17,929",,,
大宮町,"1,806","1,025",11,90.70%,7.02,"12,688","7,198",,,
大岡山,"2,072","1,553",11,70.10%,8.43,"17,470","13,091",,,
大島,"1,973","1,450",18,73.10%,9.66,"19,053","13,999",,,
大川,"1,849",881,18,98.40%,1.88,"3,472","1,654",,,
大師河原,"1,917","1,429",18,69.00%,7.32,"14,043","10,469",,,
大広戸,"1,887","1,131",19,92.80%,6.23,"11,751","7,040",,,
大庭,"2,200","1,209",20,98.30%,1.94,"4,258","2,340",,,
大成町,"1,823","1,263",11,77.20%,7.81,"14,244","9,868",,,
大成町4丁目,"1,950","1,361",11,77.80%,5.3,"10,330","7,208",,,
大手町,"1,746",942,19,92.70%,7.7,"13,442","7,250",,,
大日東町,"1,946","1,270",11,83.90%,5.36,"10,430","6,807",,,
大曽根,"1,854","1,258",19,81.50%,6.19,"11,479","7,791",,,
大東,"1,883",900,11,98.40%,1.91,"3,593","1,716",,,
大東町,"2,005","1,329",18,86.40%,5.01,"10,053","6,663",,,
大林町,"1,972","1,050",16,97.60%,5.86,"11,550","6,150",,,
大森,"1,969","1,451",19,74.60%,10.46,"20,592","15,176",,,
大森1丁目,"1,674","1,051",19,88.70%,7.93,"13,282","8,341",,,
大橋,"1,627",991,18,78.30%,6.36,"10,348","6,303",,,
大正町,"1,859","1,097",18,93.30%,7.07,"13,138","7,753",,,
大江本町,"1,828","1,133",18,90.70%,11.29,"20,638","12,792",,,
大池町,"1,861","1,220",18,84.60%,4.97,"9,258","6,071",,,
大沢,"2,124","1,579",18,75.80%,7.27,"15,438","11,477",,,
大泉,"2,073","1,523",18,77.10%,6.36,"13,191","9,692",,,
大泉町,"1,763","1,051",17,92.30%,7.11,"12,541","7,475",,,
大津宮町,"1,982","1,126",11,94.80%,4.1,"8,135","4,623",,,
大田南馬込,"1,967","1,501",18,68.80%,12.83,"25,238","19,257",,,
大町,"1,998","1,129",11,94.90%,2.29,"4,584","2,590",,,
大穴南,"1,901","1,147",11,89.30%,4.88,"9,277","5,597",,,
大芝,"1,891","1,280",19,82.40%,5.21,"9,857","6,672",,,
大落洞,"1,630",430,19,100.00%,2,"3,260",860,,,
大蓮北,"1,849","1,244",18,78.70%,5.34,"9,879","6,644",,,
大蔵海岸,"2,021","1,260",13,100.00%,4,"8,083","5,038",,,
大袋,"1,834",850,10,100.00%,2.42,"4,440","2,059",,,
大谷北,"2,171","1,348",19,88.30%,5.11,"11,101","6,890",,,
大谷本郷,"1,820","1,213",11,72.40%,6.55,"11,917","7,942",,,
大道南,"1,880","1,349",18,73.70%,6.53,"12,275","8,806",,,
大鋸,"1,916","1,214",18,90.40%,6.87,"13,157","8,331",,,
大門,"1,971","1,270",18,84.30%,4.39,"8,658","5,578",,,
大阪古市,"1,919","1,347",18,80.30%,6.07,"11,644","8,175",,,
大阪城,"1,915","1,381",19,75.20%,8.88,"16,999","12,259",,,
大阪教育大,"2,910","1,710",20,100.00%,1,"2,910","1,710",,,
天沼町,"1,899","1,332",11,79.40%,6.83,"12,971","9,096",,,
天満,"1,909","1,333",19,78.20%,7.7,"14,707","10,267",,,
天王寺,"1,987","1,435",18,76.10%,7.63,"15,154","10,944",,,
天白町大字八事,"1,667",970,18,87.80%,7.17,"11,956","6,959",,,
天白町大字野並,"1,724",943,19,92.40%,6.61,"11,392","6,233",,,
天神,"1,861","1,329",19,75.40%,7.76,"14,436","10,312",,,
太子田,"1,969","1,030",19,96.80%,2.34,"4,598","2,407",,,
太田新井,"1,842",901,11,97.80%,4.5,"8,289","4,054",,,
太田窪,"2,114","1,496",18,80.30%,4.89,"10,331","7,315",,,
太田袋,"1,879",951,17,97.50%,4.93,"9,256","4,684",,,
太秦蜂岡町,"1,960","1,041",12,97.00%,2.08,"4,067","2,160",,,
奈島,"1,778",578,11,100.00%,3,"5,333","1,733",,,
奥戸,"1,945","1,460",19,71.70%,10.55,"20,514","15,400",,,
奥武山,"1,824","1,062",19,97.00%,4.95,"9,019","5,251",,,
女坂,"2,193","1,043",11,100.00%,1,"2,193","1,043",,,
妙法寺,"1,812",908,11,95.70%,1.77,"3,206","1,606",,,
学が丘,"2,165","1,192",11,93.30%,1.25,"2,706","1,490",,,
学園の森,"1,792",889,19,96.40%,6.24,"11,171","5,543",,,
学園南,"1,895",987,18,95.90%,4.59,"8,704","4,533",,,
学園東町,"1,888","1,188",19,91.80%,4.64,"8,755","5,510",,,
学芸大学,"2,256","1,700",11,73.00%,9.4,"21,208","15,981",,,
宇奈根,"2,040","1,476",19,76.00%,7.21,"14,706","10,640",,,
宇都宮一番町,"1,788","1,079",19,90.50%,7.11,"12,707","7,670",,,
守口藤田町,"1,843","1,190",19,81.50%,5.8,"10,688","6,901",,,
安倉,"2,064","1,110",18,97.50%,1.92,"3,971","2,136",,,
安岡寺,"1,956",982,12,98.60%,2.47,"4,839","2,430",,,
安行領家,"2,276","1,745",18,70.20%,6.66,"15,165","11,625",,,
安行領根岸,"1,983","1,370",17,78.10%,5.68,"11,264","7,782",,,
宗岡,"2,000",896,19,100.00%,1.31,"2,626","1,176",,,
宝が丘,"1,745","1,001",11,94.40%,7.85,"13,694","7,853",,,
実籾本郷,"2,050","1,112",17,100.00%,2.09,"4,281","2,322",,,
室の木町,"2,588","1,545",18,87.00%,2.56,"6,614","3,948",,,
室見,"1,908","1,326",19,79.80%,5.97,"11,388","7,914",,,
宮の前,"2,016","1,236",18,94.60%,5.96,"12,018","7,369",,,
宮の森４条,"1,410",754,21,94.10%,11.17,"15,749","8,416",,,
宮上町,"1,865",797,10,97.10%,4.88,"9,105","3,891",,,
宮久保,"1,954","1,224",11,94.20%,3.9,"7,627","4,780",,,
宮之阪,"1,874","1,087",11,91.50%,4.96,"9,290","5,391",,,
宮代町字山崎,"1,635","1,013",16,98.30%,13.46,"22,002","13,636",,,
宮原町,"1,917","1,225",11,86.60%,4.9,"9,397","6,005",,,
宮城野,"1,794","1,201",18,81.10%,5.7,"10,218","6,842",,,
宮山,"1,889",926,11,100.00%,1.98,"3,730","1,829",,,
宮山町,"1,821","1,169",18,81.80%,4.67,"8,495","5,454",,,
宮崎町,"1,941","1,392",18,79.00%,7.26,"14,081","10,103",,,
宮戸,"2,008","1,393",11,77.50%,4.15,"8,337","5,783",,,
宮東,"1,745","1,098",18,84.40%,8.61,"15,016","9,451",,,
宮沢,"2,033","1,161",19,96.60%,2.64,"5,358","3,062",,,
宮田町,"1,877","1,324",19,78.60%,7.74,"14,533","10,253",,,
宮野木台,"1,952","1,302",18,83.10%,6.63,"12,937","8,626",,,
富士塚,"1,863","1,293",11,80.10%,6.71,"12,500","8,671",,,
富士見,"1,790",996,11,93.40%,5.81,"10,401","5,789",,,
富士見台,"1,940","1,420",18,72.20%,6.68,"12,966","9,487",,,
富士見町,"1,931","1,356",19,80.00%,6.65,"12,843","9,020",,,
富岡,"2,022","1,077",18,98.50%,1.71,"3,467","1,846",,,
富岡西,"1,889","1,008",11,97.50%,2.96,"5,587","2,982",,,
富松町,"1,909","1,301",19,79.30%,5.19,"9,906","6,751",,,
富田町,"1,867","1,106",18,89.60%,5.62,"10,496","6,216",,,
寒川岡田,"2,211","1,003",13,100.00%,1.38,"3,058","1,388",,,
寒川田端,"2,061","1,049",17,100.00%,2.28,"4,698","2,390",,,
寝屋南,"1,999","1,112",18,97.60%,2.5,"4,998","2,781",,,
寺塚,"1,963","1,352",18,81.30%,5.32,"10,436","7,189",,,
寺田大畔,"1,659",474,11,100.00%,5.8,"9,620","2,750",,,
寿町１丁目,"2,044","1,067",18,99.10%,1.69,"3,460","1,806",,,
寿能町,"1,927","1,365",11,80.00%,6.43,"12,396","8,784",,,
小仲台,"1,799","1,244",19,76.70%,8.16,"14,680","10,153",,,
小佐世保町2丁目,"1,808",811,18,95.70%,4.61,"8,330","3,737",,,
小佐世保町西海,"1,641",593,17,97.30%,5.55,"9,107","3,292",,,
小倉北区末広,"1,744","1,010",19,87.60%,5.24,"9,130","5,291",,,
小動,"1,908",930,17,100.00%,1.54,"2,942","1,434",,,
小台,"2,001","1,511",18,70.10%,8.9,"17,800","13,444",,,
小園,"1,950",973,12,98.70%,2.08,"4,054","2,022",,,
小坂本町,"1,789",976,18,89.60%,8.48,"15,169","8,274",,,
小宮町,"2,166","1,710",11,62.10%,9.08,"19,665","15,521",,,
小山,"1,904","1,321",19,82.00%,5.73,"10,900","7,561",,,
小山ヶ丘,"1,852","1,126",11,87.90%,6.56,"12,146","7,386",,,
小山田,"2,169","1,286",16,95.70%,2.12,"4,602","2,727",,,
小岩,"1,866","1,372",18,72.50%,8.71,"16,263","11,954",,,
小島町,"1,852","1,370",19,72.00%,9.88,"18,300","13,533",,,
小川町,"1,833","1,249",18,80.20%,5.68,"10,413","7,093",,,
小手指元町,"1,873","1,226",12,85.00%,5.69,"10,664","6,980",,,
小松原,"1,978","1,192",18,91.10%,3.95,"7,813","4,707",,,
小松川,"2,022","1,505",18,73.00%,8.06,"16,294","12,127",,,
小比企町,"1,850","1,306",18,79.40%,7.59,"14,048","9,913",,,
小泉,"1,866","1,085",11,90.70%,5.98,"11,154","6,483",,,
小渕,"1,847","1,080",18,92.00%,5.49,"10,140","5,930",,,
小田栄,"1,920","1,399",19,74.60%,7.71,"14,804","10,784",,,
小畑町,"2,023","1,324",18,90.10%,5.58,"11,279","7,384",,,
小袋谷,"1,958","1,228",11,89.10%,6.72,"13,153","8,246",,,
小豆沢,"1,978","1,496",18,70.40%,8.61,"17,041","12,883",,,
小路,"1,921","1,348",19,78.40%,5.57,"10,693","7,505",,,
小路北町,"2,012","1,266",19,92.90%,4.56,"9,179","5,773",,,
小野路町,"1,668",725,15,96.70%,1.88,"3,128","1,359",,,
小金原,"1,902",960,20,98.90%,1.79,"3,401","1,716",,,
小雀町,"1,721","1,117",11,75.40%,8.99,"15,464","10,038",,,
山下町,"2,058","1,320",19,88.20%,2.82,"5,814","3,728",,,
山之内,"1,863","1,233",19,84.50%,5.55,"10,349","6,847",,,
山内町,"2,274","1,747",18,70.90%,7.74,"17,601","13,524",,,
山口,"1,852","1,264",18,82.70%,6.14,"11,369","7,759",,,
山口新田,"2,088","1,425",11,81.40%,4.01,"8,361","5,709",,,
山城町,"1,823","1,167",11,86.50%,4.72,"8,595","5,504",,,
山手台,"2,087","1,168",11,97.40%,2.07,"4,323","2,419",,,
山池町,"1,992","1,028",18,97.60%,5.32,"10,599","5,470",,,
山田,"1,951","1,178",17,93.90%,6.09,"11,881","7,169",,,
山田東,"2,034","1,308",19,83.80%,3.97,"8,065","5,188",,,
山田池南町,"2,179","1,275",17,96.10%,3.77,"8,221","4,808",,,
山田西,"1,975","1,157",11,93.10%,4.11,"8,111","4,751",,,
山陽垂水,"1,985","1,110",17,98.40%,2.63,"5,210","2,915",,,
岐阜天神町,"1,731",689,17,97.70%,6.14,"10,628","4,228",,,
岡,"1,887","1,311",11,80.80%,5.55,"10,477","7,277",,,
岡上の町,"1,931","1,320",11,81.30%,5.92,"11,435","7,819",,,
岡本,"2,052","1,013",19,99.00%,1.51,"3,109","1,535",,,
岡発戸,"1,903",970,11,92.70%,4.35,"8,278","4,220",,,
岩田町,"1,929","1,298",18,82.30%,5.18,"9,985","6,718",,,
岸和田市新港町,"1,884",735,17,100.00%,3.3,"6,212","2,423",,,
岸町,"1,808","1,131",18,88.30%,8.13,"14,698","9,195",,,
岸部中,"1,890","1,275",11,82.80%,5.95,"11,248","7,588",,,
峰,"1,698",891,18,93.00%,6.92,"11,744","6,167",,,
峰沢町,"1,878","1,326",18,77.30%,7.46,"14,010","9,890",,,
島,"1,968","1,231",18,89.70%,5.36,"10,551","6,600",,,
島内,"1,938",999,18,97.60%,4.15,"8,044","4,145",,,
島名,"2,331","1,401",12,82.60%,2.09,"4,875","2,929",,,
島屋,"2,100","1,593",18,73.60%,7.19,"15,102","11,457",,,
島崎,"1,897",987,18,96.60%,4.69,"8,905","4,634",,,
島根,"1,888","1,402",19,72.30%,9.11,"17,205","12,776",,,
島立,"1,944","1,006",19,85.70%,4.2,"8,167","4,227",,,
島頭,"1,992","1,202",19,89.50%,4.18,"8,329","5,025",,,
嵯峨嵐山,"1,830",883,18,99.00%,2.31,"4,227","2,039",,,
川口戸塚鋏町,"1,828","1,194",18,87.00%,6.45,"11,798","7,708",,,
川口町,"2,257","1,379",20,74.40%,3.16,"7,136","4,362",,,
川名山町,"1,766","1,147",19,83.60%,5.68,"10,038","6,518",,,
川向町,"1,927","1,271",11,85.40%,6.27,"12,095","7,977",,,
川和町,"2,111","1,143",17,96.90%,1.89,"3,996","2,163",,,
川島町,"1,981","1,337",18,85.50%,6.48,"12,830","8,661",,,
川崎幸区,"1,927","1,417",11,74.50%,9.54,"18,387","13,526",,,
川柳町,"2,048","1,406",11,84.00%,4.82,"9,861","6,771",,,
川西市,"2,028","1,096",19,97.70%,1.94,"3,925","2,120",,,
巣鴨,"1,939","1,461",19,68.20%,9.49,"18,406","13,870",,,
左近山,"2,056","1,279",11,93.00%,5.91,"12,157","7,561",,,
差出南,"1,693",735,18,99.20%,11.99,"20,299","8,818",,,
己斐大迫,"2,596","1,994",11,70.10%,3.42,"8,875","6,818",,,
巽西,"1,905","1,332",19,77.20%,5.7,"10,851","7,587",,,
市ケ尾町,"1,978","1,113",18,94.50%,2.55,"5,043","2,838",,,
市場上町,"1,893","1,402",11,72.60%,10.24,"19,388","14,357",,,
市川,"1,941","1,472",11,69.80%,9.59,"18,618","14,118",,,
市川大野,"1,980","1,024",19,95.40%,1.67,"3,300","1,707",,,
市幸町４丁目,"2,145","1,623",11,71.90%,6.71,"14,397","10,894",,,
布施,"1,809","1,000",16,100.00%,5.25,"9,499","5,249",,,
布田,"1,976","1,347",12,80.60%,7.21,"14,243","9,711",,,
師岡町,"1,877","1,142",18,90.50%,5.79,"10,869","6,611",,,
常盤,"1,917","1,383",11,77.40%,7.13,"13,665","9,858",,,
常盤平,"1,910","1,158",12,91.40%,5.51,"10,529","6,381",,,
常磐町,"1,912","1,341",19,76.70%,5.18,"9,897","6,938",,,
幕張本郷,"1,893",969,18,98.60%,2.19,"4,150","2,123",,,
平作,"2,270","1,266",18,100.00%,2,"4,540","2,533",,,
平和が丘,"1,911","1,097",18,92.30%,6.32,"12,074","6,928",,,
平和台,"1,930","1,445",19,71.00%,8.11,"15,650","11,717",,,
平和島,"2,011","1,498",11,74.10%,9.8,"19,710","14,687",,,
平尾,"1,830","1,313",19,73.60%,8.35,"15,282","10,961",,,
平岸,"1,915","1,323",18,80.70%,7.1,"13,609","9,398",,,
平成,"1,863","1,140",20,89.00%,8.88,"16,545","10,123",,,
平成町,"1,954",954,18,96.60%,1.92,"3,757","1,834",,,
平戸,"2,053","1,283",11,91.70%,5.18,"10,628","6,640",,,
平方,"1,752","1,231",18,70.40%,10.82,"18,963","13,325",,,
平林北,"1,862","1,328",11,72.50%,4.37,"8,131","5,799",,,
平柴台,"1,925",983,12,91.40%,2.61,"5,030","2,569",,,
平田,"1,901","1,393",19,75.10%,7.85,"14,924","10,942",,,
平野,"1,929","1,335",19,81.30%,6.56,"12,661","8,762",,,
幸浦,"1,976",986,17,95.50%,2.58,"5,092","2,542",,,
広川町,"1,880","1,338",20,73.00%,6.77,"12,734","9,061",,,
広見,"1,705",791,18,99.00%,6.75,"11,511","5,338",,,
庄内,"1,960","1,410",19,74.20%,5.84,"11,452","8,237",,,
庄和,"1,510",310,19,100.00%,1,"1,510",310,,,
府中新町,"2,134","1,571",18,75.80%,6.34,"13,521","9,955",,,
府中町,"1,878","1,338",18,77.00%,9.31,"17,481","12,451",,,
府中町4丁目,"2,057","1,142",18,94.00%,3.28,"6,748","3,745",,,
座間ひばりが丘,"1,731","1,126",18,70.80%,7.09,"12,269","7,979",,,
座間緑ヶ丘,"1,933",986,12,99.10%,2.34,"4,524","2,308",,,
弁天町,"1,897","1,366",18,74.40%,6.52,"12,357","8,898",,,
弥勒寺,"1,933","1,085",11,94.30%,5.1,"9,848","5,528",,,
弥平,"1,997","1,224",20,93.50%,3.58,"7,155","4,387",,,
彦成,"2,001","1,324",11,85.00%,7.7,"15,406","10,194",,,
彩都西,"2,331","1,292",17,98.40%,1.63,"3,791","2,102",,,
後楽園,"1,695",859,18,95.60%,10.2,"17,291","8,762",,,
御園町,"1,827","1,264",18,79.40%,6.8,"12,421","8,596",,,
御幸町,"2,016","1,450",11,77.30%,6.47,"13,037","9,377",,,
御影本町,"1,903",963,11,99.10%,1.99,"3,789","1,918",,,
御船通,"1,849","1,175",19,86.30%,5.68,"10,511","6,680",,,
御莨町,"1,773","1,273",19,71.20%,7.99,"14,163","10,173",,,
徳丸,"1,864","1,376",18,71.30%,8.62,"16,071","11,866",,,
心斎橋,"1,883","1,366",19,70.80%,8.53,"16,067","11,659",,,
忍ケ丘,"2,085","1,235",12,90.10%,2.09,"4,351","2,577",,,
志木市幸町,"1,895","1,331",18,77.70%,6.82,"12,921","9,077",,,
志木柏町,"1,930","1,362",11,78.50%,5.96,"11,511","8,124",,,
恵比寿,"2,499","1,932",11,67.70%,16.43,"41,050","31,746",,,
恵比須町,"2,051","1,508",11,68.50%,7.34,"15,057","11,071",,,
愛甲東,"1,912",952,18,97.20%,4.42,"8,446","4,207",,,
慶應藤沢,"1,642",779,18,98.20%,3.44,"5,644","2,678",,,
成田中台,"1,918","1,098",11,93.10%,4.93,"9,457","5,414",,,
成田東町,"2,018","1,179",17,92.90%,4.37,"8,826","5,156",,,
成田馬橋,"1,877","1,004",18,93.30%,4.13,"7,751","4,144",,,
成蹊学園,"1,917","1,407",11,72.70%,7.28,"13,960","10,242",,,
我孫子,"1,906","1,163",11,87.70%,5.35,"10,197","6,219",,,
戸塚町,"1,918","1,098",11,94.20%,5.78,"11,086","6,344",,,
戸田公園,"1,909","1,350",18,76.70%,5.79,"11,046","7,809",,,
戸越銀座,"2,048","1,551",19,70.00%,13.35,"27,349","20,707",,,
所沢市林,"2,065","1,185",19,96.50%,4.1,"8,465","4,857",,,
所沢緑町,"1,874","1,330",19,78.50%,7.16,"13,421","9,523",,,
打越町,"1,839","1,306",19,77.70%,9.77,"17,969","12,766",,,
披露山,"1,817",935,18,98.90%,3.62,"6,569","3,380",,,
押上,"1,962","1,491",11,68.30%,11.12,"21,809","16,577",,,
招提中町,"2,027","1,211",12,95.10%,4.53,"9,185","5,490",,,
拝島町,"1,958","1,371",18,72.60%,5.9,"11,561","8,097",,,
摩湯町,"1,842","1,079",19,93.60%,7.33,"13,496","7,905",,,
放出,"2,028","1,440",18,78.90%,5.89,"11,954","8,488",,,
文珠橋通,"1,882","1,296",18,78.80%,6.29,"11,831","8,147",,,
文蔵,"1,964","1,412",18,76.90%,6.18,"12,131","8,720",,,
新井町,"2,122","1,393",17,80.00%,3.96,"8,413","5,524",,,
新倉,"1,865","1,351",11,74.20%,7.07,"13,190","9,558",,,
新前橋町,"1,881",991,18,96.00%,4.81,"9,039","4,764",,,
新北島,"1,992","1,397",18,79.20%,4.53,"9,022","6,327",,,
新千里東町,"2,093","1,349",11,87.70%,4.33,"9,063","5,844",,,
新吉田東,"1,984","1,348",18,84.70%,6.17,"12,245","8,321",,,
新吉田町,"1,948","1,219",19,91.60%,3.89,"7,578","4,745",,,
新堀,"2,090","1,528",18,74.90%,6.33,"13,224","9,667",,,
新塚,"2,024","1,447",18,78.80%,5.2,"10,524","7,527",,,
新大津,"1,868",961,18,98.70%,2.89,"5,394","2,776",,,
新大阪,"1,897","1,329",19,78.10%,6.52,"12,369","8,667",,,
新宿,"2,100","1,635",19,64.70%,10.64,"22,343","17,387",,,
新小岩,"1,953","1,440",11,72.40%,8.76,"17,103","12,605",,,
新山下,"1,988","1,352",18,84.00%,5.04,"10,019","6,817",,,
新川,"2,029","1,529",18,73.10%,8.5,"17,256","13,000",,,
新川崎,"1,997","1,471",11,74.60%,7.35,"14,674","10,811",,,
新川町,"1,923","1,312",19,79.90%,5.93,"11,411","7,783",,,
新明町,"1,999","1,098",17,96.10%,1.94,"3,885","2,135",,,
新杉田町,"1,865","1,094",18,87.90%,5.06,"9,441","5,538",,,
新松戸北,"1,985","1,263",19,85.70%,5.96,"11,839","7,530",,,
新栄,"1,899",883,18,100.00%,1.73,"3,281","1,526",,,
新横浜,"1,910","1,323",18,79.70%,5.4,"10,323","7,148",,,
新橋町,"2,111","1,092",12,100.00%,1.64,"3,464","1,792",,,
新浜,"1,920","1,430",19,70.40%,8.29,"15,910","11,852",,,
新港町,"1,916","1,361",11,71.60%,4.71,"9,033","6,417",,,
新潟市幸町,"1,674","1,141",18,69.50%,12.17,"20,364","13,878",,,
新町,"1,867","1,107",11,90.50%,6.07,"11,329","6,717",,,
新磯野,"1,982","1,126",18,93.40%,2.74,"5,440","3,092",,,
新羽町,"1,919","1,309",11,83.50%,7.42,"14,235","9,710",,,
新郡山,"2,026","1,122",18,99.00%,2.11,"4,272","2,365",,,
新郷,"2,025","1,113",11,97.00%,2.54,"5,141","2,826",,,
方南町,"1,936","1,431",19,71.50%,11.57,"22,394","16,558",,,
旗の台,"2,041","1,578",11,66.40%,10.11,"20,626","15,948",,,
旗屋,"1,886","1,348",19,75.50%,8.97,"16,924","12,094",,,
旗振山,"2,352","1,329",20,95.50%,2,"4,704","2,658",,,
日の出,"1,903","1,105",11,91.60%,4.18,"7,963","4,623",,,
日ノ宮町,"1,836","1,242",18,79.70%,6.1,"11,198","7,578",,,
日吉倉,"1,893","1,059",19,93.10%,4.38,"8,286","4,636",,,
日吉本町,"1,863","1,265",11,84.20%,6.72,"12,531","8,506",,,
日暮,"1,936","1,105",11,93.70%,4.43,"8,570","4,891",,,
日本橋,"2,083","1,606",11,68.20%,12.54,"26,126","20,139",,,
日進町,"2,097","1,556",18,74.30%,5.94,"12,450","9,236",,,
日野,"2,006","1,298",17,86.10%,6.21,"12,460","8,061",,,
日野本町,"1,941","1,312",19,81.90%,5.59,"10,847","7,328",,,
日野栄町,"2,099","1,521",11,76.60%,6.15,"12,912","9,355",,,
日限山,"2,121","1,294",12,93.00%,4.66,"9,877","6,029",,,
早大所沢,"1,349",686,19,100.00%,16,"21,577","10,977",,,
早稲田,"1,987","1,530",19,66.50%,15.97,"31,742","24,438",,,
旭が丘,"1,915","1,246",12,86.80%,5.69,"10,900","7,095",,,
旭見ケ池町,"1,715",642,11,95.90%,3.06,"5,253","1,965",,,
昆陽池,"1,948","1,171",11,90.20%,4.03,"7,846","4,718",,,
明大前,"1,953","1,449",19,71.50%,10.02,"19,563","14,520",,,
明海,"2,103","1,129",12,100.00%,1.66,"3,489","1,874",,,
明石八木,"1,949","1,002",18,97.60%,2.05,"3,995","2,055",,,
明石大久保,"1,956",879,18,98.60%,1.32,"2,584","1,160",,,
明石藤江,"2,050","1,049",11,99.30%,1.78,"3,642","1,864",,,
明舞,"2,183","1,120",12,100.00%,1.67,"3,638","1,866",,,
星園町,"1,686","1,103",12,81.60%,11.9,"20,059","13,129",,,
星田,"2,064","1,089",17,96.40%,1.6,"3,303","1,743",,,
星陵台,"2,009","1,115",18,98.60%,2.3,"4,620","2,564",,,
星陵町,"1,734","1,138",18,80.80%,5.94,"10,294","6,757",,,
春日部市中央,"1,856","1,152",18,90.10%,6.61,"12,279","7,623",,,
春木旭町,"1,929",993,11,98.30%,2.85,"5,505","2,832",,,
春江町,"1,908","1,446",11,67.80%,8.97,"17,122","12,977",,,
昭和島,"2,131","1,706",19,62.90%,9.85,"20,980","16,795",,,
昭和町,"1,878","1,224",18,82.40%,5.85,"10,980","7,158",,,
是政,"1,955","1,447",17,73.30%,7.26,"14,199","10,508",,,
晴海,"2,299","1,781",11,73.80%,16.53,"38,005","29,443",,,
曙,"1,737",898,18,94.90%,5.49,"9,546","4,936",,,
曲本,"1,978","1,424",18,76.40%,5.43,"10,748","7,738",,,
曽根,"1,890","1,313",18,79.20%,6.36,"12,020","8,354",,,
月寒東２条,"1,893","1,226",18,82.20%,4.83,"9,149","5,927",,,
月見山,"2,082","1,110",18,100.00%,2.06,"4,287","2,286",,,
有明,"3,329","2,759",19,72.20%,2.6,"8,672","7,185",,,
有馬,"1,968","1,219",19,88.70%,4.93,"9,697","6,008",,,
服部緑地,"2,025","1,376",11,84.50%,4.49,"9,091","6,177",,,
木場,"1,960","1,486",18,69.90%,11.7,"22,938","17,393",,,
末広１丁目,"1,904","1,354",19,78.50%,7.4,"14,088","10,018",,,
本中山,"1,929","1,365",11,78.90%,6.37,"12,290","8,699",,,
本天沼,"1,881","1,398",18,70.70%,8.28,"15,578","11,577",,,
本牧,"2,541","1,697",11,91.60%,2.38,"6,035","4,030",,,
本町東,"1,895","1,350",18,75.10%,6.91,"13,087","9,321",,,
本町田,"1,826","1,271",11,77.20%,7.24,"13,229","9,209",,,
本通,"1,919","1,310",18,77.40%,5.71,"10,955","7,479",,,
本郷台,"2,212","1,387",11,95.00%,5.65,"12,492","7,833",,,
札幌丸山,"2,033","1,373",19,85.00%,6.79,"13,809","9,324",,,
札幌伏見,"2,176","1,607",17,77.90%,7.53,"16,377","12,093",,,
杉戸,"1,735",820,10,98.20%,5.89,"10,213","4,827",,,
材木座,"2,092","1,122",12,100.00%,2.39,"4,998","2,681",,,
材木町,"1,815",988,11,93.70%,6.4,"11,618","6,326",,,
村野高見台,"1,975","1,166",12,92.40%,4.16,"8,215","4,849",,,
東つつじケ丘,"1,894","1,370",11,75.40%,7,"13,265","9,595",,,
東みずほ台,"1,873","1,146",18,91.20%,5.1,"9,546","5,841",,,
東三国,"1,851","1,334",19,73.50%,7.35,"13,612","9,808",,,
東京南町,"1,831","1,321",19,73.30%,7.44,"13,624","9,830",,,
東今里・東中本,"1,908","1,373",18,73.80%,6.27,"11,969","8,610",,,
東伊興,"1,957","1,481",11,69.50%,7.99,"15,634","11,833",,,
東元町,"1,882","1,356",18,73.70%,7.71,"14,519","10,457",,,
東十条,"1,859","1,384",18,70.80%,9.54,"17,738","13,204",,,
東向島,"2,085","1,608",11,68.50%,10.54,"21,981","16,954",,,
東品川,"2,750","2,051",18,80.20%,15.26,"41,954","31,286",,,
東堀通,"1,798","1,016",18,91.90%,6.84,"12,303","6,950",,,
東塚口町,"1,910","1,353",18,77.20%,6.13,"11,717","8,300",,,
東大和市中央,"1,976","1,330",18,83.80%,4.89,"9,668","6,506",,,
東大和市多摩湖,"2,275","1,695",12,75.00%,5.51,"12,532","9,338",,,
東大沢,"1,892","1,303",18,80.70%,5.03,"9,525","6,563",,,
東大沼,"1,863",970,19,99.70%,2.54,"4,726","2,460",,,
東大道,"1,879","1,054",18,93.80%,4.83,"9,074","5,089",,,
東天川,"1,973","1,094",11,97.60%,4.76,"9,385","5,206",,,
東太田,"1,896","1,123",18,92.20%,5.27,"9,995","5,922",,,
東山本町,"1,779","1,166",19,83.50%,6.86,"12,212","8,008",,,
東山田,"2,003","1,114",11,96.10%,2.93,"5,869","3,265",,,
東朝比奈,"2,837","1,818",10,100.00%,1.71,"4,847","3,105",,,
東札幌,"1,927","1,333",19,78.30%,7.1,"13,688","9,470",,,
東梅坪町,"1,766",760,17,98.00%,3.91,"6,900","2,970",,,
東浜,"1,816","1,187",19,80.50%,4.82,"8,748","5,718",,,
東浜町,"2,033","1,291",11,87.20%,3.26,"6,624","4,204",,,
東浦和,"1,892",901,11,98.70%,1.95,"3,685","1,756",,,
東海岸,"2,223","1,359",17,100.00%,2.36,"5,239","3,204",,,
東淵野辺,"1,965","1,059",11,98.50%,2.36,"4,630","2,496",,,
東狭間,"1,788",978,11,87.90%,5.47,"9,787","5,355",,,
東玉川学園,"2,055","1,461",11,79.20%,5.45,"11,202","7,967",,,
東白島町,"1,854","1,231",18,84.80%,5.55,"10,286","6,829",,,
東習志野,"1,902",978,11,100.00%,2.37,"4,498","2,313",,,
東船橋,"1,868","1,338",19,76.20%,7.64,"14,266","10,221",,,
東葛西,"1,856","1,366",19,71.50%,8.78,"16,286","11,983",,,
東葛西９丁目,"1,941","1,420",18,74.80%,7.44,"14,439","10,560",,,
東豊中町,"2,094","1,365",11,86.20%,3.94,"8,243","5,374",,,
東郡元町,"1,686",940,18,91.40%,7.15,"12,053","6,723",,,
東野川,"1,976","1,416",11,77.20%,7.19,"14,202","10,174",,,
東金町,"1,986","1,448",18,72.60%,6.2,"12,309","8,976",,,
東長沼,"2,079","1,486",11,76.60%,6.33,"13,152","9,404",,,
東陽町,"2,082","1,560",19,74.20%,9.27,"19,306","14,466",,,
東雲,"1,868","1,250",19,81.60%,5.01,"9,361","6,266",,,
東須磨,"1,590",390,17,100.00%,2,"3,180",780,,,
東鴻池町,"1,953","1,226",18,92.00%,5.06,"9,887","6,208",,,
松の浜,"1,850",967,18,100.00%,2.88,"5,318","2,781",,,
松ノ内町,"2,113","1,114",18,98.50%,1.6,"3,387","1,785",,,
松原東新町,"1,980","1,279",19,86.30%,4.63,"9,160","5,915",,,
松山,"1,915","1,273",18,81.90%,6.53,"12,511","8,317",,,
松山町,"1,884","1,205",11,87.40%,4.76,"8,961","5,731",,,
松川町,"1,975","1,305",18,91.90%,8.28,"16,352","10,799",,,
松戸戸塚鋏町,"1,837","1,203",19,83.90%,6.43,"11,811","7,738",,,
松戸新田,"1,918","1,056",18,97.00%,2.83,"5,429","2,988",,,
松戸旭町,"1,944",959,10,98.80%,1.93,"3,753","1,852",,,
松林,"1,939",966,18,99.10%,1.96,"3,791","1,890",,,
松枝,"1,820",997,18,93.60%,5.24,"9,528","5,221",,,
松江,"1,942","1,484",19,67.40%,8.95,"17,378","13,278",,,
松江海岸,"2,130","1,122",19,97.20%,1.78,"3,781","1,992",,,
松葉町,"2,170","1,480",19,90.20%,7.62,"16,545","11,282",,,
板原町,"1,949","1,106",19,96.20%,4.56,"8,894","5,045",,,
板橋,"1,899","1,423",19,68.70%,9.97,"18,939","14,190",,,
枇杷島,"1,941","1,366",19,77.10%,6.29,"12,199","8,585",,,
林,"2,014","1,193",18,94.30%,5.62,"11,312","6,702",,,
枝川,"2,183","1,655",11,74.00%,8.78,"19,158","14,522",,,
柏,"1,820","1,141",11,88.60%,8.01,"14,576","9,139",,,
柏の葉,"1,997","1,190",11,92.80%,4.7,"9,375","5,587",,,
柏ケ谷,"1,929","1,034",11,99.20%,2.52,"4,871","2,610",,,
柏原,"2,031","1,078",20,98.40%,1.69,"3,441","1,827",,,
柏市高田,"1,995","1,273",18,88.30%,6.62,"13,213","8,430",,,
柏座,"1,950","1,123",12,92.10%,5.19,"10,120","5,829",,,
柏町４丁目,"1,853","1,312",11,78.80%,7.89,"14,622","10,353",,,
柱本,"1,860",915,18,96.10%,5.18,"9,631","4,736",,,
柳島町,"1,919","1,341",19,78.30%,5,"9,590","6,699",,,
柳橋,"1,886",953,18,98.60%,2.09,"3,941","1,991",,,
柳田町,"1,820","1,173",19,84.80%,5.19,"9,439","6,084",,,
柳町,"1,736","1,051",18,91.10%,8.42,"14,616","8,850",,,
柴原町,"1,940","1,216",11,88.40%,5.46,"10,594","6,643",,,
柴又,"1,877","1,359",18,75.70%,8,"15,011","10,871",,,
柴崎,"1,713","1,068",11,94.30%,11.32,"19,388","12,082",,,
柿の木台,"2,194","1,225",11,98.20%,1.87,"4,106","2,293",,,
栄,"1,852","1,249",19,79.20%,5.55,"10,281","6,936",,,
栗木台,"1,882","1,008",17,98.50%,2.78,"5,240","2,806",,,
栗田,"1,762",932,18,94.80%,6.19,"10,912","5,771",,,
根戸,"1,839","1,150",11,90.50%,9.55,"17,566","10,980",,,
桂乾町,"2,019","1,030",19,99.10%,1.89,"3,810","1,943",,,
桃山台,"1,995","1,298",11,84.20%,5.41,"10,799","7,024",,,
桜2丁目,"1,675","1,166",19,68.50%,16.1,"26,957","18,767",,,
桜ケ丘,"2,072","1,355",11,85.70%,5.07,"10,515","6,875",,,
桜堤,"2,045","1,485",18,79.00%,6.38,"13,053","9,476",,,
桜山,"1,992","1,051",17,98.30%,2.31,"4,609","2,433",,,
桶川若宮,"1,857","1,018",11,94.70%,5.19,"9,647","5,288",,,
梅ヶ丘,"2,102","1,595",19,70.50%,9.67,"20,330","15,433",,,
梅津中倉町,"2,110","1,181",18,97.70%,1.83,"3,862","2,161",,,
梅田,"1,954","1,357",19,78.70%,7.38,"14,418","10,015",,,
梅花,"2,007","1,003",21,95.70%,2.09,"4,197","2,097",,,
梨香台,"2,336","1,430",11,97.90%,2.59,"6,062","3,710",,,
森崎,"1,912","1,041",17,96.90%,2.65,"5,076","2,763",,,
森本,"2,015","1,047",19,100.00%,1.91,"3,844","1,997",,,
森野,"1,847","1,295",19,77.30%,7.39,"13,646","9,566",,,
植園町,"1,729",991,11,88.90%,8.48,"14,673","8,407",,,
植木,"1,987","1,161",11,94.90%,5.03,"9,998","5,839",,,
楠ヶ浦町,"1,917",973,11,97.70%,2.32,"4,439","2,253",,,
楠公,"1,934","1,004",18,97.60%,2.34,"4,517","2,345",,,
楠根,"1,871","1,283",18,79.80%,5.77,"10,789","7,398",,,
楠葉並木,"1,952","1,170",17,92.30%,5.71,"11,146","6,680",,,
極楽寺,"2,495","1,433",16,100.00%,1.94,"4,843","2,781",,,
榎,"2,150","1,402",18,92.00%,5.13,"11,039","7,199",,,
榎が丘,"2,038","1,207",18,92.00%,3.8,"7,748","4,590",,,
樋井川,"1,948","1,164",18,91.60%,3.23,"6,286","3,754",,,
横小路,"1,733",930,19,81.30%,1.23,"2,133","1,144",,,
横山町,"1,888","1,041",11,90.20%,5.23,"9,869","5,443",,,
横川新町,"1,763","1,193",18,80.20%,5.95,"10,484","7,094",,,
横浜上飯田町,"1,969","1,070",12,95.50%,1.91,"3,770","2,048",,,
横浜北町,"1,949","1,060",20,98.80%,2.65,"5,155","2,804",,,
横浜市大池町,"1,958","1,019",19,100.00%,2.13,"4,168","2,170",,,
横浜市恩田町,"2,004","1,074",18,95.40%,1.81,"3,633","1,947",,,
横浜市深谷町,"2,120","1,160",12,95.50%,4.22,"8,944","4,896",,,
横浜市菅田町,"2,176","1,560",11,84.50%,5.94,"12,919","9,262",,,
横浜戸塚町,"1,938","1,096",12,93.00%,5.1,"9,893","5,593",,,
横須賀神明町,"1,748",742,10,100.00%,2.19,"3,837","1,629",,,
横須賀粟田,"2,238","1,042",11,100.00%,1.24,"2,778","1,294",,,
橋本,"1,822","1,085",18,90.70%,5.9,"10,748","6,401",,,
橋本町,"1,706",772,11,97.20%,5.55,"9,474","4,288",,,
次屋,"1,940","1,327",19,85.00%,6.11,"11,849","8,102",,,
武庫の里,"1,931","1,290",18,79.70%,4.43,"8,563","5,720",,,
武蔵小山,"2,071","1,564",11,70.90%,11.74,"24,306","18,357",,,
武蔵小杉,"1,900","1,328",19,79.70%,6.66,"12,659","8,847",,,
武蔵小金井,"1,893","1,347",18,75.90%,6.63,"12,542","8,926",,,
武蔵村山本町,"2,039","1,250",11,90.90%,4.25,"8,670","5,315",,,
武蔵町,"1,771",810,19,97.40%,5.19,"9,181","4,200",,,
武蔵関,"1,865","1,354",19,72.60%,7.51,"14,001","10,163",,,
武里中野,"1,819","1,055",11,91.40%,6.4,"11,640","6,752",,,
殿ケ谷,"1,603","1,343",11,34.80%,8.85,"14,183","11,883",,,
比治山本町,"1,829","1,214",18,81.30%,5.03,"9,195","6,106",,,
比良町,"1,813",995,16,98.80%,9.53,"17,273","9,476",,,
毛馬町,"1,987","1,458",18,71.60%,8.31,"16,521","12,125",,,
水元,"1,939","1,453",18,70.80%,8.18,"15,853","11,880",,,
水元公園,"1,959","1,371",18,75.90%,5.25,"10,274","7,193",,,
水前寺,"1,764",851,18,84.10%,9.23,"16,285","7,859",,,
水堂町,"1,987","1,359",18,81.10%,4.93,"9,801","6,702",,,
水道橋,"2,238","1,734",18,65.90%,13.18,"29,502","22,855",,,
水野,"1,968","1,340",11,78.80%,5.68,"11,169","7,605",,,
氷室町,"1,954","1,203",18,92.70%,6.85,"13,383","8,240",,,
氷川台,"1,906","1,413",18,71.00%,8.85,"16,869","12,504",,,
氷川町,"2,018","1,501",19,73.30%,6.39,"12,898","9,590",,,
永沼,"3,323","2,173",11,100.00%,1.33,"4,430","2,897",,,
永田南,"1,940","1,305",18,84.90%,7.06,"13,689","9,211",,,
江の島,"1,935","1,059",11,94.90%,2.44,"4,717","2,580",,,
江井ヶ島,"1,966",904,17,100.00%,1.88,"3,705","1,703",,,
江北,"1,980","1,452",18,74.80%,6.43,"12,724","9,331",,,
江南,"1,707","1,006",19,85.90%,5.98,"10,210","6,017",,,
江坂町,"1,858","1,289",19,78.00%,5.57,"10,360","7,185",,,
江弁須,"1,870","1,118",18,93.00%,5.51,"10,309","6,163",,,
江木町,"1,762",848,19,97.30%,5.86,"10,323","4,969",,,
池場,"1,795",989,19,96.20%,5.08,"9,109","5,020",,,
池子,"1,922",838,11,100.00%,2.79,"5,353","2,336",,,
池尻,"2,023","1,303",18,90.60%,5.02,"10,147","6,537",,,
池島,"1,931","1,007",20,100.00%,2.27,"4,383","2,287",,,
池島町,"1,935","1,261",18,84.10%,4.68,"9,049","5,897",,,
池田中町,"1,851","1,149",18,88.90%,7.14,"13,213","8,199",,,
池田市天神,"1,816","1,036",18,91.50%,5.24,"9,517","5,431",,,
池田神田,"1,895","1,092",11,93.40%,4.92,"9,326","5,374",,,
池袋,"1,832","1,364",19,68.20%,10.4,"19,046","14,182",,,
池辺町,"1,957","1,017",12,98.20%,1.84,"3,599","1,869",,,
沖浜町,"1,811","1,247",19,77.90%,6.21,"11,248","7,749",,,
河内国分,"1,937",945,11,100.00%,1.85,"3,583","1,748",,,
河内森,"2,092",928,11,98.40%,1.35,"2,820","1,251",,,
河原町,"1,990","1,510",18,71.80%,10.08,"20,059","15,218",,,
沼垂東,"1,705",859,19,94.50%,7,"11,927","6,012",,,
沼町,"1,874",892,12,96.80%,2.9,"5,432","2,584",,,
沼部,"1,969","1,462",18,73.80%,8.15,"16,043","11,912",,,
沼間,"2,064","1,025",17,100.00%,1.71,"3,526","1,751",,,
法典,"2,248","1,283",18,100.00%,2.64,"5,942","3,392",,,
津之江町,"1,928","1,174",11,87.70%,5.43,"10,472","6,373",,,
津堂,"1,810",954,19,92.40%,4.26,"7,718","4,067",,,
津田駅前,"2,246","1,231",11,99.00%,1.69,"3,807","2,086",,,
津福本町,"1,883","1,055",19,95.70%,7.2,"13,555","7,592",,,
津門大箇町,"1,884","1,274",11,79.10%,4.57,"8,621","5,826",,,
浄土寺下南田町,"1,822","1,169",18,82.00%,4.83,"8,804","5,651",,,
浅羽野,"1,914","1,135",18,93.70%,7.48,"14,319","8,491",,,
浅草,"2,038","1,563",11,67.80%,11.44,"23,316","17,883",,,
浅間,"1,869","1,262",18,81.40%,5.76,"10,774","7,277",,,
浜寺,"1,873",863,16,100.00%,2.47,"4,620","2,130",,,
浜寺公園町,"1,988","1,228",18,89.80%,4.58,"9,114","5,631",,,
浜寺石津町東,"2,139","1,451",18,87.70%,5.32,"11,377","7,717",,,
浜松町,"2,335","1,871",19,64.80%,13.93,"32,521","26,060",,,
浜田2丁目,"1,937","1,223",11,86.20%,4.01,"7,776","4,910",,,
浜町,"1,839","1,300",11,76.90%,6.76,"12,440","8,796",,,
浜須賀,"2,125","1,155",16,94.90%,1.81,"3,856","2,096",,,
浦舟町,"1,863","1,299",19,78.60%,7.64,"14,234","9,928",,,
浦賀,"2,213","1,223",18,98.70%,1.81,"4,014","2,218",,,
浦郷,"2,056","1,116",11,100.00%,1.89,"3,883","2,109",,,
浮間,"1,951","1,474",11,71.90%,8.92,"17,402","13,145",,,
海老名市中野,"1,824",890,19,97.50%,5.44,"9,922","4,841",,,
海老名本郷,"2,112","1,068",15,100.00%,1.5,"3,168","1,603",,,
海老江,"1,888","1,318",19,77.40%,6.6,"12,462","8,702",,,
淡路,"1,832","1,324",19,73.80%,7.78,"14,251","10,300",,,
深井,"1,926","1,095",18,91.90%,2.3,"4,434","2,521",,,
深大寺南町,"2,113","1,521",12,75.90%,6.13,"12,947","9,321",,,
深江北町,"1,973",961,18,99.30%,1.6,"3,148","1,534",,,
深田町,"1,988","1,243",18,89.00%,3.91,"7,768","4,856",,,
深草大亀谷万帖敷町,"1,943","1,070",18,94.00%,4.33,"8,411","4,631",,,
深草宝塔寺山町,"1,870","1,190",18,86.00%,6.38,"11,940","7,598",,,
深草新門丈町,"1,845","1,154",19,88.50%,6.35,"11,714","7,327",,,
深見,"1,945",988,20,97.70%,2.2,"4,286","2,178",,,
深見台,"1,952","1,118",18,91.70%,4.17,"8,145","4,666",,,
深谷上,"2,149","1,060",10,100.00%,1.41,"3,022","1,491",,,
深谷町,"2,078","1,061",18,98.80%,1.71,"3,556","1,815",,,
淵野辺本町,"1,915",647,20,98.80%,1.71,"3,265","1,102",,,
清地,"1,925",999,11,94.00%,4.49,"8,644","4,488",,,
清水,"1,945","1,367",19,82.60%,7.27,"14,152","9,943",,,
清水が丘,"1,969","1,416",18,75.60%,6.77,"13,342","9,595",,,
清水ケ丘,"1,813","1,285",18,74.80%,8.29,"15,027","10,653",,,
清荒神,"2,118","1,113",19,96.70%,1.53,"3,247","1,707",,,
渋谷,"2,308","1,813",11,67.10%,13.72,"31,672","24,868",,,
渚,"1,816",724,18,97.60%,2.63,"4,776","1,905",,,
渚西,"1,928","1,136",12,90.80%,5.32,"10,254","6,039",,,
温水,"1,866",947,18,96.90%,4.13,"7,710","3,915",,,
港,"1,860","1,316",19,77.90%,7.49,"13,929","9,860",,,
港南台,"1,989","1,228",19,92.50%,6.1,"12,127","7,490",,,
湘南台,"1,868","1,075",18,92.20%,5.45,"10,189","5,865",,,
湯屋谷,"1,942",927,11,95.00%,1.43,"2,775","1,325",,,
滝頭,"1,948","1,387",18,75.30%,6.73,"13,103","9,332",,,
漫湖,"1,734","1,042",19,92.50%,6.35,"11,009","6,616",,,
潮田町,"1,935","1,380",11,79.10%,7.8,"15,091","10,757",,,
潮見町,"2,058","1,169",17,99.10%,2.64,"5,439","3,089",,,
澄川４条,"1,980","1,386",18,77.40%,5.83,"11,544","8,081",,,
瀬ヶ崎,"1,994","1,422",11,80.00%,5.71,"11,378","8,112",,,
瀬崎,"1,893","1,407",19,68.90%,7.37,"13,944","10,367",,,
灘北通,"1,863","1,248",18,81.30%,5.29,"9,858","6,605",,,
灘浜東町,"1,985",993,19,100.00%,1.91,"3,798","1,899",,,
焔魔堂町,"1,842",847,11,96.90%,5,"9,209","4,237",,,
熊川,"1,879","1,180",11,91.10%,5.97,"11,213","7,038",,,
熊本城,"1,804","1,050",19,92.50%,7.56,"13,637","7,935",,,
熊本駅,"1,991","1,203",18,93.40%,10.85,"21,606","13,056",,,
爪田ケ谷,"1,822",918,10,80.00%,2.5,"4,556","2,296",,,
片倉町,"1,943","1,394",18,76.00%,6.4,"12,439","8,922",,,
片坂町,"1,972","1,322",19,87.70%,6.97,"13,751","9,217",,,
片山,"2,067","1,452",18,79.80%,4.32,"8,925","6,269",,,
片山町,"1,894","1,287",18,82.80%,5.71,"10,812","7,346",,,
片平,"1,909","1,154",11,92.70%,5.78,"11,041","6,674",,,
牛久保東,"1,908","1,105",11,93.30%,4.99,"9,523","5,513",,,
牛子,"1,854","1,168",18,88.60%,6.66,"12,350","7,777",,,
牛島,"1,972","1,129",11,92.40%,4.91,"9,689","5,546",,,
牛田早稲田,"2,027","1,451",18,80.60%,6.12,"12,408","8,878",,,
牛立町,"1,921","1,259",18,83.50%,4.48,"8,602","5,639",,,
牧志,"1,755","1,008",18,91.00%,6.71,"11,769","6,756",,,
牧野阪,"1,980","1,142",17,91.40%,3.74,"7,405","4,270",,,
狭山湖,"2,304","1,525",11,92.10%,2.53,"5,837","3,864",,,
猪子石,"1,860","1,105",11,90.50%,6.13,"11,408","6,779",,,
玉出,"1,984","1,373",19,83.70%,5.65,"11,211","7,761",,,
玉島,"2,126","1,140",18,99.10%,1.77,"3,762","2,018",,,
玉川,"1,906","1,280",19,76.20%,5.83,"11,122","7,466",,,
玉川町,"1,882","1,233",18,85.10%,6.15,"11,584","7,588",,,
玉津町,"1,940","1,052",11,96.80%,2.86,"5,556","3,011",,,
王禅寺東,"1,877","1,037",11,95.80%,2.95,"5,534","3,055",,,
瑞穂,"1,981","1,079",18,98.10%,2.06,"4,077","2,220",,,
生田,"1,801",940,11,97.10%,2.77,"4,991","2,606",,,
生麦,"1,939","1,334",19,81.70%,5.87,"11,391","7,836",,,
用田,"1,927","1,109",17,95.50%,2.2,"4,240","2,440",,,
田上,"1,733",994,18,88.30%,8.07,"13,976","8,016",,,
田中関田町,"1,739","1,125",18,79.60%,5.29,"9,204","5,955",,,
田喜野井,"1,901","1,039",11,93.00%,2.28,"4,336","2,370",,,
田園調布,"2,216","1,695",18,71.60%,7.25,"16,074","12,292",,,
田尻,"1,908","1,398",19,73.90%,7.34,"13,999","10,256",,,
田川,"1,947","1,365",19,78.10%,8.18,"15,923","11,163",,,
甲南女子大,"1,890",840,10,100.00%,1.67,"3,150","1,400",,,
甲子園一番町,"1,896","1,298",18,83.90%,6.19,"11,742","8,041",,,
甲子園九番町,"1,982","1,362",18,80.30%,4.82,"9,553","6,567",,,
甲斐田町,"1,790","1,002",18,90.80%,5.24,"9,380","5,252",,,
甲陽園若江町,"1,958","1,039",18,99.20%,2.64,"5,173","2,745",,,
男山,"1,847",975,11,99.00%,3.09,"5,710","3,013",,,
町屋,"1,993","1,466",18,75.40%,8.48,"16,895","12,432",,,
町田小山ヶ丘,"2,025","1,361",12,83.50%,6.03,"12,204","8,201",,,
町田山崎,"1,869",996,11,97.30%,2.91,"5,443","2,902",,,
町田市南成瀬,"1,994","1,430",18,79.20%,6.72,"13,404","9,611",,,
畔吉,"2,024",997,17,100.00%,2.36,"4,785","2,357",,,
番町,"1,777",800,18,98.50%,6.38,"11,344","5,105",,,
登戸町,"1,966","1,426",11,74.00%,6.2,"12,185","8,839",,,
白子,"1,983","1,465",19,73.50%,6.97,"13,821","10,210",,,
白山浦,"1,752",956,18,88.40%,6.83,"11,966","6,528",,,
白幡南町,"1,837","1,270",18,79.20%,6.93,"12,727","8,803",,,
百村,"2,030","1,171",18,94.70%,2.57,"5,213","3,008",,,
百舌鳥赤畑町,"1,948","1,305",19,81.80%,4.66,"9,071","6,075",,,
百草,"1,797","1,175",18,83.90%,6.76,"12,143","7,943",,,
目白,"2,035","1,565",11,67.90%,12.85,"26,147","20,101",,,
目黒,"2,299","1,809",18,67.40%,12.58,"28,923","22,759",,,
相之川,"1,882","1,409",19,70.30%,9.7,"18,267","13,670",,,
相原,"1,880",986,18,98.40%,2.43,"4,573","2,398",,,
相模原上条町,"1,859","1,003",11,97.40%,2.39,"4,438","2,396",,,
相模原富士見,"1,866","1,107",18,91.80%,6.14,"11,454","6,795",,,
相模大野,"1,843","1,299",11,77.80%,7.35,"13,536","9,541",,,
相沢,"2,150","1,139",11,98.70%,1.84,"3,947","2,091",,,
相生町,"1,827","1,169",11,86.00%,10.65,"19,450","12,448",,,
相生町１丁目,"1,968","1,182",18,94.00%,4.46,"8,774","5,269",,,
矢作町,"1,841","1,372",20,69.50%,9.44,"17,385","12,957",,,
石井,"1,690",984,11,90.50%,6.96,"11,762","6,849",,,
石切参道,"2,034","1,125",19,100.00%,2.63,"5,340","2,953",,,
石川,"1,922","1,127",11,88.50%,4.79,"9,201","5,395",,,
石泉院町,"1,891","1,311",18,77.90%,5.37,"10,148","7,038",,,
石田町,"2,001",861,11,95.70%,3.13,"6,269","2,699",,,
石神,"1,989","1,348",18,81.80%,6.17,"12,260","8,310",,,
石神井町,"1,975","1,458",18,75.10%,6.87,"13,560","10,013",,,
砂川町,"2,187","1,513",18,83.40%,4.53,"9,906","6,855",,,
碓井,"2,315","1,426",14,88.90%,1.13,"2,604","1,604",,,
磯上町,"2,733","1,776",11,87.50%,1.78,"4,858","3,158",,,
磯子,"1,794","1,129",11,89.10%,10.08,"18,088","11,378",,,
磯子区西町,"1,880","1,307",19,80.40%,7.29,"13,714","9,533",,,
磯辺,"1,873",900,18,97.20%,1.97,"3,694","1,775",,,
磯部町,"1,732",981,18,94.70%,7.71,"13,360","7,567",,,
社領,"1,856","1,232",18,83.10%,5.19,"9,630","6,388",,,
神南辺町,"1,893","1,256",18,82.80%,4.62,"8,737","5,795",,,
神居町,"2,050","1,106",11,100.00%,4,"8,200","4,425",,,
神居３条,"1,791",908,11,97.00%,5.43,"9,733","4,931",,,
神岳,"1,862","1,064",18,93.50%,6.27,"11,667","6,665",,,
神戸白川,"1,663",751,20,100.00%,3.1,"5,146","2,326",,,
神明,"2,259","1,595",12,80.60%,4.97,"11,229","7,928",,,
神明1丁目,"1,860","1,345",19,73.60%,7.25,"13,489","9,754",,,
神明台,"1,918","1,099",18,91.60%,3.91,"7,507","4,300",,,
神明町,"1,837","1,264",11,80.70%,6.58,"12,083","8,312",,,
神木町,"1,907","1,259",18,85.60%,5.96,"11,366","7,504",,,
神楽岡１５条,"1,725",941,12,87.40%,5.08,"8,767","4,781",,,
神楽３条,"1,889","1,017",12,95.60%,4.96,"9,363","5,044",,,
神田,"2,203","1,793",11,58.40%,11.25,"24,779","20,163",,,
神田町,"1,683",891,19,94.40%,9.45,"15,901","8,418",,,
神須屋,"1,720",520,18,100.00%,1,"1,720",520,,,
福岡原,"1,963","1,213",12,92.10%,4.16,"8,169","5,048",,,
福岡清水,"1,832","1,292",18,77.60%,7.37,"13,494","9,516",,,
福島町,"1,842","1,230",19,81.70%,4.98,"9,177","6,128",,,
福智院町,"1,741","1,068",18,90.10%,7.79,"13,563","8,319",,,
福生,"1,976","1,243",18,90.30%,5.47,"10,818","6,802",,,
福田,"1,981",990,18,98.30%,1.74,"3,446","1,723",,,
福町,"2,067","1,596",18,68.40%,6.86,"14,183","10,957",,,
福石町,"1,812",837,11,96.10%,3.97,"7,200","3,326",,,
私部,"2,047","1,114",11,95.30%,3.93,"8,043","4,377",,,
秋津町,"1,979","1,383",11,80.20%,5.83,"11,541","8,067",,,
秋葉原,"2,019","1,559",19,66.50%,10.85,"21,906","16,922",,,
秋谷,"1,807",763,11,100.00%,2.29,"4,130","1,745",,,
稲城矢野口,"2,097","1,435",11,87.80%,6.46,"13,558","9,275",,,
稲毛町,"1,738",913,11,92.60%,2.21,"3,848","2,021",,,
稲荷町,"1,844","1,362",19,70.50%,8.56,"15,781","11,654",,,
稲葉,"1,879","1,066",18,94.60%,6.36,"11,940","6,774",,,
立石町,"2,302","1,290",14,87.50%,2.29,"5,262","2,948",,,
竹島,"1,983","1,491",18,73.30%,9.22,"18,293","13,751",,,
竹田向代町,"1,938","1,294",18,85.30%,5.96,"11,554","7,716",,,
竹間沢,"1,930","1,064",12,94.90%,3.82,"7,365","4,061",,,
笠間,"1,946","1,110",11,94.80%,4.89,"9,512","5,424",,,
笹下,"1,867","1,109",18,87.40%,5.25,"9,802","5,821",,,
笹丘,"1,958","1,356",19,83.20%,6.08,"11,913","8,250",,,
笹野台,"1,787",819,18,97.70%,2.02,"3,607","1,654",,,
等々力,"2,223","1,681",18,74.10%,7.65,"17,003","12,855",,,
等々力緑地,"1,960","1,429",11,74.40%,7.3,"14,306","10,428",,,
箕輪町,"1,780",922,18,88.60%,6.86,"12,214","6,328",,,
箕面,"1,972","1,052",18,98.90%,2.08,"4,100","2,188",,,
箱田町,"1,883","1,054",19,86.10%,5.82,"10,965","6,139",,,
築地町,"1,712",755,18,97.00%,5.99,"10,255","4,523",,,
篠原橋通,"1,939","1,363",19,77.30%,6.66,"12,919","9,077",,,
篠目町,"1,694",752,11,98.00%,7.21,"12,218","5,422",,,
簗瀬町,"1,812",993,18,93.70%,5.88,"10,650","5,834",,,
粟生外院,"1,895",986,19,98.60%,2.4,"4,549","2,366",,,
紅葉ケ丘,"1,910","1,356",19,79.00%,6.97,"13,317","9,454",,,
紫明園,"1,928","1,190",11,93.00%,5.78,"11,142","6,878",,,
紫竹下ノ岸町,"1,813","1,168",18,83.40%,4.75,"8,604","5,542",,,
紫竹山,"1,732",983,18,92.80%,9.15,"15,852","8,996",,,
綱島東,"1,959","1,336",11,83.90%,6.73,"13,192","8,998",,,
綾瀬,"1,840","1,328",18,74.10%,8.88,"16,333","11,795",,,
綾瀬吉岡,"2,343","1,387",17,91.30%,1.35,"3,171","1,877",,,
綾瀬深谷,"2,209","1,233",11,97.70%,2.12,"4,686","2,617",,,
緑台,"2,221","1,593",11,79.60%,5.05,"11,209","8,039",,,
緑山,"2,538","1,555",12,90.50%,1.75,"4,442","2,721",,,
緑町,"2,058","1,521",18,73.70%,6.76,"13,906","10,279",,,
練馬,"1,892","1,410",19,69.70%,9.63,"18,210","13,573",,,
練馬中村,"1,934","1,459",19,69.60%,9.16,"17,717","13,362",,,
練馬旭丘,"1,936","1,452",18,68.80%,9.9,"19,167","14,370",,,
羊ケ丘,"1,818","1,146",11,85.10%,10.81,"19,645","12,386",,,
美しが丘,"2,031","1,202",11,94.80%,4.89,"9,928","5,877",,,
美しが丘西,"1,994","1,039",13,98.10%,2.2,"4,395","2,290",,,
美住町,"1,947","1,355",18,81.00%,5.67,"11,033","7,679",,,
美南,"2,040","1,282",11,91.40%,6.62,"13,511","8,494",,,
美園１０条,"1,962","1,333",18,80.00%,6.03,"11,826","8,035",,,
美女木東,"1,918","1,372",18,77.40%,5.89,"11,304","8,089",,,
美浜,"2,030","1,068",13,94.30%,1.46,"2,961","1,557",,,
美郷台,"1,886","1,130",12,89.80%,5.67,"10,688","6,401",,,
美鈴町,"1,892","1,158",12,89.10%,4.3,"8,141","4,984",,,
羽中,"1,736","1,020",20,80.00%,5.49,"9,524","5,598",,,
羽沢町,"1,968","1,039",11,98.90%,3.09,"6,082","3,212",,,
羽田空港,"1,984","1,476",18,69.80%,8.6,"17,062","12,696",,,
習志野台,"1,874","1,052",18,93.20%,4.71,"8,823","4,954",,,
習志野市谷津,"1,889","1,320",11,80.80%,6.38,"12,048","8,416",,,
翠香園町,"2,208","1,205",18,97.90%,1.83,"4,032","2,201",,,
胡録台,"2,046","1,137",18,95.40%,2.02,"4,135","2,298",,,
能ヶ谷,"1,948","1,179",11,90.30%,5.22,"10,175","6,155",,,
能松町,"1,933","1,272",18,83.80%,4.12,"7,964","5,240",,,
能見台,"2,270","1,275",12,97.50%,1.93,"4,377","2,460",,,
脇浜海岸通,"1,893","1,300",19,79.50%,5.4,"10,229","7,025",,,
脚折,"1,862","1,055",18,92.70%,5.09,"9,479","5,370",,,
膝折町,"1,906","1,369",11,74.70%,7.02,"13,375","9,607",,,
臨海町,"2,062","1,597",12,64.90%,7.11,"14,658","11,356",,,
臨海町６丁目,"3,882","3,468",11,57.80%,3.46,"13,438","12,003",,,
自由が丘,"2,284","1,727",19,73.30%,8.48,"19,357","14,640",,,
舎人,"1,991","1,448",19,76.00%,7.21,"14,363","10,450",,,
舞子公園,"1,562",901,19,88.20%,2.83,"4,427","2,552",,,
舞浜,"1,831","1,177",11,85.50%,5.16,"9,456","6,076",,,
舟入南,"1,882","1,295",11,77.20%,5.3,"9,978","6,863",,,
船橋本町,"1,886","1,323",19,78.90%,6.2,"11,697","8,205",,,
船渡,"2,160","1,460",19,100.00%,1,"2,160","1,460",,,
芝,"1,902","1,333",19,76.40%,6.06,"11,536","8,081",,,
芝久保町,"1,985","1,401",11,79.10%,5.16,"10,246","7,229",,,
芝園,"2,079","1,429",11,79.40%,6.94,"14,423","9,913",,,
芝浦,"2,460","1,936",11,70.90%,15.64,"38,470","30,281",,,
花京院,"1,979","1,307",19,82.50%,5.2,"10,296","6,798",,,
花壇,"1,825","1,268",18,75.20%,6.17,"11,263","7,824",,,
花小金井,"1,885","1,143",18,96.60%,3.77,"7,097","4,304",,,
花屋敷,"1,907","1,003",18,91.50%,2.51,"4,784","2,516",,,
花林苑,"2,229","1,254",11,95.80%,2.98,"6,638","3,735",,,
花野井,"2,279","1,279",20,100.00%,2,"4,557","2,557",,,
芹が谷,"2,048","1,359",11,88.40%,6.27,"12,830","8,513",,,
苗間,"1,880","1,140",11,88.20%,5.4,"10,145","6,152",,,
若竹町,"2,205","1,515",16,84.40%,7.31,"16,109","11,069",,,
若葉,"1,735",910,12,91.70%,2.69,"4,664","2,447",,,
若葉台,"1,888","1,283",18,80.50%,5.54,"10,454","7,103",,,
茄子作,"1,899",923,19,100.00%,2.47,"4,691","2,280",,,
茅ヶ崎堤,"2,323","1,312",17,100.00%,1.5,"3,484","1,968",,,
茅ヶ崎市中島,"2,058","1,192",18,93.20%,4.88,"10,051","5,820",,,
茅ヶ崎幸町,"1,954","1,103",11,92.30%,4.42,"8,634","4,872",,,
茅ヶ崎里山,"1,996","1,236",11,100.00%,5,"9,980","6,180",,,
茗荷谷,"2,182","1,727",18,65.10%,11.39,"24,856","19,673",,,
茜町,"1,558",950,11,68.70%,12.53,"19,531","11,905",,,
草花,"1,847","1,125",12,86.70%,4.66,"8,600","5,237",,,
草部,"1,936",996,11,95.90%,3.73,"7,229","3,720",,,
荏田東,"1,974","1,075",11,94.90%,4.38,"8,636","4,702",,,
荒本北,"1,789","1,198",19,84.30%,7.78,"13,913","9,314",,,
荒牧,"2,124","1,181",17,95.90%,1.99,"4,234","2,355",,,
荒田,"1,689",993,18,89.20%,9.53,"16,093","9,461",,,
荷山町,"2,000","1,014",18,100.00%,1.73,"3,454","1,751",,,
荻窪,"1,950","1,508",19,67.00%,11.24,"21,912","16,949",,,
菅原,"1,910","1,360",19,76.70%,6.04,"11,542","8,223",,,
菅沢,"2,285","1,458",18,87.70%,4.2,"9,587","6,117",,,
菅生,"2,067","1,291",12,91.40%,6.72,"13,886","8,670",,,
菅田町,"1,958",961,18,95.30%,1.94,"3,797","1,863",,,
菅谷,"2,194","1,363",11,88.50%,2.79,"6,123","3,803",,,
菅野戸呂,"1,937","1,362",18,80.90%,7.78,"15,067","10,599",,,
菅馬場,"1,882","1,211",18,87.50%,6.71,"12,624","8,125",,,
菊坂町,"1,751","1,176",18,79.50%,6.42,"11,244","7,554",,,
菜切山町,"2,083","1,475",18,79.60%,5.8,"12,086","8,563",,,
菩提町,"1,760",945,17,100.00%,2.8,"4,927","2,647",,,
萩原天神,"1,959",915,20,96.00%,1.25,"2,449","1,144",,,
萩山町,"2,009","1,399",18,81.20%,7.09,"14,251","9,925",,,
萱場,"1,807","1,239",18,81.30%,7.07,"12,770","8,756",,,
落合,"1,911","1,471",18,66.00%,13.04,"24,929","19,184",,,
葉山マリーナ,"2,046",877,12,100.00%,2,"4,091","1,754",,,
葵,"1,781","1,239",19,75.50%,7.58,"13,505","9,394",,,
蒲生,"1,884","1,330",18,76.60%,7.41,"13,961","9,850",,,
蒲田,"1,876","1,406",19,69.90%,10.06,"18,874","14,141",,,
蓼川,"2,049","1,174",19,96.00%,2.82,"5,770","3,306",,,
薬師池,"2,246","1,283",18,94.00%,1.8,"4,052","2,315",,,
藤ヶ丘,"2,003",987,11,97.10%,1.41,"2,820","1,390",,,
藤塚,"1,890","1,158",11,90.90%,6.41,"12,117","7,425",,,
藤崎,"2,011","1,472",19,76.10%,7.27,"14,630","10,711",,,
藤崎宮前,"1,697",934,18,93.50%,10.09,"17,122","9,426",,,
藤沢大庭,"2,018","1,064",19,99.20%,2.23,"4,505","2,375",,,
藤沢市本町,"1,913","1,117",11,91.30%,5.18,"9,914","5,790",,,
藤沢遠藤,"2,094","1,012",11,100.00%,1.45,"3,031","1,465",,,
藤波,"2,669","1,533",14,100.00%,1.17,"3,113","1,788",,,
藤田町,"1,980","1,056",18,96.40%,2.69,"5,330","2,843",,,
藤白台,"1,899","1,116",12,89.90%,4.63,"8,799","5,169",,,
蘇我,"1,950","1,355",19,81.30%,7.24,"14,130","9,818",,,
螢池中町,"1,864","1,183",19,86.20%,5.64,"10,512","6,672",,,
蟹ヶ谷,"1,991","1,072",17,100.00%,2.28,"4,536","2,442",,,
衣笠北荒見町,"1,831","1,236",19,79.20%,5.65,"10,339","6,979",,,
表参道,"2,579","2,093",11,61.30%,12.46,"32,139","26,083",,,
表山,"1,830","1,169",18,83.20%,5.73,"10,487","6,698",,,
西,"1,822","1,022",11,92.30%,5.56,"10,137","5,685",,,
西ノ京桑原町,"1,968","1,386",18,76.10%,5.57,"10,962","7,717",,,
西七条比輪田町,"1,889","1,268",19,81.60%,5.58,"10,536","7,073",,,
西之谷町,"1,920","1,368",19,81.10%,8.25,"15,839","11,287",,,
西九条戒光寺町,"1,939","1,357",18,75.10%,5.05,"9,796","6,854",,,
西京極郡町,"1,956","1,329",19,81.50%,5.51,"10,773","7,322",,,
西住之江,"1,962","1,374",18,78.40%,5.41,"10,615","7,434",,,
西俣野,"1,901","1,124",11,88.00%,8.43,"16,031","9,478",,,
西出町,"1,887","1,352",19,73.20%,5.93,"11,193","8,015",,,
西加賀屋,"1,939","1,373",18,78.40%,5.91,"11,459","8,113",,,
西原町,"2,021","1,505",11,71.70%,8.65,"17,483","13,024",,,
西取石,"1,973","1,153",18,92.70%,4.2,"8,284","4,840",,,
西古松,"1,751",989,18,92.70%,6.84,"11,978","6,761",,,
西堀,"1,927","1,403",18,73.70%,6.67,"12,854","9,360",,,
西大寺野神町,"1,786",817,18,97.30%,5.47,"9,763","4,466",,,
西大路町,"1,933","1,005",12,97.70%,2.67,"5,156","2,680",,,
西奉行町,"1,836","1,090",18,89.10%,6.33,"11,626","6,906",,,
西宿,"1,959","1,221",18,83.90%,4.47,"8,759","5,461",,,
西寺尾,"2,000","1,467",18,74.60%,6.82,"13,639","10,006",,,
西岡４条,"1,932","1,230",18,84.40%,4.35,"8,409","5,354",,,
西新,"1,907","1,297",18,81.80%,5.21,"9,930","6,755",,,
西新井,"1,999","1,493",18,73.70%,8.08,"16,152","12,065",,,
西新井本町,"1,979","1,495",19,71.50%,8.85,"17,516","13,238",,,
西新宿,"2,032","1,552",19,68.10%,13.3,"27,038","20,653",,,
西日暮里,"2,007","1,520",18,70.20%,10.25,"20,564","15,582",,,
西明石,"2,065","1,059",18,99.40%,1.77,"3,664","1,879",,,
西春日町,"1,739","1,039",18,91.70%,6.44,"11,198","6,694",,,
西東京,"1,916","1,393",18,73.50%,7.25,"13,892","10,100",,,
西東京市北町,"1,887","1,276",11,83.90%,6.39,"12,057","8,157",,,
西柴,"1,877",940,11,97.80%,2.55,"4,785","2,397",,,
西武立川,"1,944","1,212",11,89.80%,5.1,"9,921","6,184",,,
西永福,"1,873","1,389",18,70.60%,8.8,"16,486","12,227",,,
西浦１丁目,"1,876","1,365",11,72.10%,6.64,"12,457","9,063",,,
西浦２丁目,"1,802",888,21,96.60%,2.76,"4,976","2,452",,,
西淀川中島,"1,994","1,526",11,67.30%,6.5,"12,954","9,912",,,
西田辺,"1,962","1,450",19,71.80%,6.46,"12,675","9,367",,,
西町,"1,934","1,407",18,74.90%,8.39,"16,228","11,808",,,
西砂町,"1,914","1,237",17,91.40%,6.98,"13,358","8,635",,,
西神戸,"2,027","1,075",17,100.00%,2.03,"4,113","2,181",,,
西糀谷,"1,889","1,426",19,68.40%,9.19,"17,353","13,103",,,
西習志野,"1,921","1,184",11,89.70%,5.6,"10,760","6,630",,,
西船,"1,898","1,330",19,78.90%,6.36,"12,080","8,465",,,
西荻窪,"1,923","1,456",18,69.30%,9.63,"18,527","14,026",,,
西葛西,"1,934","1,456",11,71.00%,9.59,"18,559","13,964",,,
西豊川町,"1,924","1,081",18,95.40%,2.87,"5,521","3,103",,,
西鎌倉,"2,137","1,277",17,98.70%,2.88,"6,165","3,682",,,
要町,"1,903","1,423",19,70.70%,12.15,"23,123","17,294",,,
諏訪,"1,946","1,349",11,81.80%,7.52,"14,637","10,150",,,
諏訪町３丁目,"1,901","1,388",19,74.00%,7.21,"13,712","10,014",,,
諏訪野町,"1,630","1,007",16,84.20%,9.97,"16,259","10,042",,,
諸口,"2,080","1,488",11,77.40%,5.54,"11,515","8,238",,,
谷中,"2,002","1,311",11,85.90%,6.47,"12,959","8,486",,,
谷原,"1,984","1,504",11,69.20%,7.33,"14,536","11,024",,,
谷口梅津間町,"1,805","1,169",18,81.20%,5.05,"9,122","5,908",,,
谷田町,"1,818",868,18,97.50%,6.43,"11,697","5,587",,,
谷町,"1,906","1,395",19,72.30%,9.81,"18,690","13,680",,,
豊ケ丘,"2,034","1,447",18,77.20%,5.8,"11,796","8,393",,,
豊上町,"1,913","1,051",11,96.90%,2.24,"4,288","2,356",,,
豊四季,"2,228","1,197",17,97.00%,1.43,"3,196","1,718",,,
豊島７丁目,"1,915","1,434",19,71.70%,8.99,"17,225","12,897",,,
豊幡町,"1,784","1,223",19,75.80%,6.28,"11,207","7,682",,,
豊洲,"2,355","1,863",11,70.10%,10.81,"25,469","20,146",,,
豊田,"1,741",901,18,95.70%,7.12,"12,386","6,412",,,
豊田小川町,"1,793",797,13,94.10%,4.58,"8,209","3,647",,,
豊野町,"1,541",441,17,100.00%,1.67,"2,568",735,,,
豊２丁目,"1,858","1,306",19,77.60%,6.73,"12,499","8,784",,,
貫井北町,"1,927","1,400",18,73.10%,7.11,"13,701","9,956",,,
赤坂,"2,809","2,311",19,61.20%,8.46,"23,757","19,547",,,
赤塚,"1,850","1,370",19,73.30%,9.72,"17,982","13,317",,,
赤提,"1,943","1,458",11,70.50%,9.47,"18,394","13,810",,,
赤江町,"1,659",950,11,90.10%,11.18,"18,554","10,622",,,
赤羽,"1,994","1,519",18,71.00%,9.34,"18,627","14,195",,,
赤芝新田,"1,897","1,291",11,86.70%,9.44,"17,908","12,187",,,
越谷,"1,877","1,279",11,79.90%,5.76,"10,820","7,371",,,
越谷市旭町,"1,998","1,413",18,78.30%,5.29,"10,560","7,468",,,
越谷市東町,"2,022","1,336",19,87.40%,8.85,"17,898","11,822",,,
越谷市西新井,"1,945","1,254",11,88.90%,5.65,"10,989","7,083",,,
越野,"1,824","1,107",18,91.00%,6.21,"11,325","6,874",,,
辰巳,"2,178","1,628",18,81.30%,9.76,"21,267","15,895",,,
辰沼,"1,916","1,467",18,68.70%,10.58,"20,268","15,514",,,
辻堂,"1,972","1,202",11,94.40%,5.45,"10,746","6,548",,,
辻堂太平台,"1,835","1,112",11,85.40%,6.2,"11,388","6,902",,,
辻堂西海岸,"2,592","1,842",11,84.00%,2.86,"7,405","5,262",,,
追手門,"1,818",921,19,99.30%,2.71,"4,920","2,493",,,
逆井,"1,915",896,19,97.30%,1.68,"3,221","1,508",,,
逆瀬台,"2,565","1,607",18,100.00%,1.97,"5,047","3,162",,,
逆瀬川,"2,042","1,048",18,98.90%,1.83,"3,730","1,915",,,
逢妻町,"2,163","1,555",17,83.20%,11,"23,798","17,108",,,
連光寺,"2,376","1,683",14,79.40%,11.6,"27,552","19,516",,,
連雀町,"1,772",936,18,95.40%,5.34,"9,466","5,001",,,
逸見が丘,"2,044","1,058",11,98.40%,1.61,"3,281","1,698",,,
道場,"3,114","2,152",10,100.00%,1.33,"4,152","2,869",,,
道正台,"1,915",976,12,98.40%,1.94,"3,714","1,892",,,
道正町,"1,789","1,208",18,78.90%,6.06,"10,839","7,318",,,
道野辺,"2,098","1,156",17,100.00%,2.11,"4,428","2,440",,,
遠東,"2,459","1,680",18,93.60%,8.17,"20,084","13,719",,,
那珂,"1,879","1,295",18,80.30%,6.66,"12,517","8,625",,,
那覇三原,"1,822","1,142",11,91.70%,6.01,"10,956","6,866",,,
都塚,"2,047","1,204",19,92.40%,3.92,"8,032","4,726",,,
都島,"1,911","1,372",19,73.80%,7.49,"14,306","10,272",,,
酒井根,"2,063","1,040",18,100.00%,2.03,"4,179","2,108",,,
里,"2,098","1,508",11,79.10%,5.23,"10,983","7,894",,,
野中,"1,875","1,354",19,72.50%,7.31,"13,700","9,896",,,
野島町,"1,874",937,18,100.00%,2.13,"3,997","1,998",,,
野崎,"1,883","1,022",19,94.30%,2.59,"4,882","2,649",,,
野川,"1,883","1,131",18,92.40%,3.94,"7,417","4,454",,,
野庭町,"2,151","1,405",18,87.10%,5.47,"11,762","7,682",,,
野村,"1,727",690,19,98.40%,6.97,"12,032","4,803",,,
野比,"2,216","1,314",19,90.00%,2.08,"4,617","2,738",,,
野江,"1,904","1,374",18,74.00%,7.75,"14,759","10,647",,,
野洲,"2,288","1,166",17,96.00%,2.88,"6,599","3,362",,,
野火止,"2,023","1,401",18,81.00%,6.16,"12,452","8,624",,,
野田,"1,833","1,260",19,80.00%,7.99,"14,640","10,059",,,
野遠町,"1,979","1,295",19,78.40%,5.68,"11,251","7,359",,,
金ケ作,"2,051","1,122",18,96.90%,2.06,"4,233","2,316",,,
金ヶ崎,"2,349","1,294",19,96.60%,1.26,"2,962","1,631",,,
金井,"1,918","1,004",18,96.90%,2.6,"4,990","2,613",,,
金城,"1,824","1,161",18,85.10%,4.39,"8,006","5,096",,,
金山,"1,837","1,244",19,80.90%,6.55,"12,021","8,146",,,
金岡町,"1,889","1,198",18,86.60%,4.87,"9,188","5,826",,,
金森,"1,974","1,383",11,80.10%,6.03,"11,906","8,343",,,
金沢幸町,"1,898",810,18,98.30%,4.06,"7,698","3,285",,,
金谷町,"1,792",798,18,98.20%,5.55,"9,946","4,428",,,
釜利谷西,"2,547","1,503",19,96.90%,1.97,"5,016","2,960",,,
釜台町,"1,839","1,251",19,80.30%,6,"11,026","7,504",,,
針ヶ谷,"1,943","1,400",11,75.60%,6.41,"12,466","8,979",,,
針中野,"1,930","1,376",19,77.50%,6.4,"12,344","8,802",,,
鈴谷,"1,867","1,330",11,76.60%,6.83,"12,746","9,077",,,
銀座,"2,380","1,887",11,67.50%,9.56,"22,751","18,034",,,
銘苅,"1,750","1,084",19,88.00%,8.25,"14,436","8,940",,,
錦町,"1,859","1,301",19,79.80%,7.69,"14,296","10,002",,,
錦糸町,"2,046","1,562",19,69.90%,10.48,"21,449","16,372",,,
鎌倉大町,"2,335","1,313",13,97.40%,1.73,"4,033","2,268",,,
鎌倉市常盤,"2,048","1,157",18,96.60%,3.96,"8,111","4,582",,,
鎌倉霊園,"2,080",613,18,100.00%,1.5,"3,120",920,,,
鑓水,"1,959","1,356",18,73.50%,6.99,"13,691","9,479",,,
長吉長原,"2,069","1,316",19,84.30%,6.14,"12,703","8,082",,,
長尾,"1,920","1,229",18,87.10%,5.92,"11,356","7,269",,,
長岡,"1,873","1,199",17,86.50%,7.42,"13,893","8,893",,,
長後,"1,867","1,056",18,94.30%,6.26,"11,677","6,607",,,
長束西,"2,219","1,476",18,85.90%,3.05,"6,773","4,506",,,
長栄,"1,964","1,444",11,72.60%,6.71,"13,188","9,698",,,
長池,"1,710",510,14,100.00%,1.33,"2,280",680,,,
長津田,"2,004","1,070",11,98.30%,1.96,"3,929","2,098",,,
長洲西通,"1,969","1,395",18,81.40%,6.38,"12,552","8,895",,,
長浜町,"1,769",974,18,95.10%,7.71,"13,639","7,514",,,
長浦町,"2,265","1,259",19,94.70%,1.73,"3,912","2,175",,,
長淵,"1,894",969,12,91.40%,4.06,"7,682","3,931",,,
長良福光,"1,698",605,20,95.60%,3.58,"6,077","2,164",,,
長野,"1,814","1,003",18,91.60%,5.56,"10,089","5,576",,,
関戸,"1,856","1,308",11,76.80%,7.25,"13,449","9,479",,,
関茶屋,"1,929",987,12,92.40%,2.36,"4,547","2,327",,,
阪本町,"2,158","1,335",12,90.00%,3.42,"7,377","4,564",,,
阿久和南,"1,949","1,067",17,98.70%,3.13,"6,090","3,333",,,
阿倍野,"1,888","1,288",19,80.30%,6.05,"11,418","7,790",,,
阿武野,"2,189","1,190",11,100.00%,1.83,"3,997","2,173",,,
阿部倉,"1,715",825,10,100.00%,5.8,"9,946","4,785",,,
陽光台,"2,025","1,111",17,98.20%,2.26,"4,576","2,512",,,
集町,"1,949",749,13,100.00%,3,"5,846","2,246",,,
雪見町,"1,838","1,243",19,79.10%,5.58,"10,249","6,932",,,
雪谷,"2,072","1,593",19,68.00%,8.94,"18,526","14,245",,,
霊仙寺,"1,822",912,11,98.70%,8.04,"14,643","7,330",,,
霞ケ丘２丁目,"1,857","1,194",11,85.40%,4.73,"8,786","5,650",,,
霞台,"1,925","1,366",18,76.30%,8.03,"15,454","10,967",,,
霧ヶ丘,"2,325","1,540",11,88.50%,3.39,"7,881","5,220",,,
青井,"1,905","1,432",11,70.90%,9.64,"18,364","13,801",,,
青柳,"1,932","1,401",11,74.00%,7.03,"13,594","9,858",,,
須磨浦通,"1,969","1,158",18,93.30%,3.45,"6,786","3,993",,,
領家,"1,930","1,002",12,99.30%,2.23,"4,309","2,237",,,
飛田給,"1,971","1,444",18,73.20%,7.48,"14,743","10,798",,,
食満,"2,041","1,126",18,96.60%,2.07,"4,225","2,331",,,
飯山満町,"1,952","1,043",18,98.10%,2.48,"4,849","2,590",,,
飯田橋,"2,513","2,064",11,63.60%,14.53,"36,528","29,993",,,
飯田町1丁目,"2,746","1,784",11,87.50%,1.6,"4,394","2,854",,,
首里城,"1,862","1,145",11,94.20%,4.99,"9,295","5,715",,,
香里西之町,"1,820","1,088",19,87.80%,5.14,"9,352","5,587",,,
馬入,"2,023","1,070",18,93.40%,3.93,"7,956","4,209",,,
馬場,"1,908","1,326",19,84.80%,6.76,"12,889","8,958",,,
馬橋,"1,866",968,19,99.50%,2.24,"4,180","2,167",,,
馬絹,"1,974","1,346",11,81.80%,5.38,"10,630","7,249",,,
馬込沢,"1,993","1,091",17,100.00%,2.89,"5,757","3,152",,,
駅前本町,"1,843","1,308",11,78.20%,9.21,"16,970","12,050",,,
駒井町,"1,991","1,385",19,82.30%,6.5,"12,941","9,002",,,
駒場町,"1,815",822,14,92.50%,3.41,"6,190","2,804",,,
駒形通,"1,755",955,18,93.80%,8.36,"14,672","7,984",,,
駒沢大学,"2,112","1,577",19,71.10%,8.65,"18,270","13,641",,,
駒込,"2,137","1,651",11,68.70%,11.78,"25,165","19,444",,,
高井戸,"1,959","1,480",18,70.50%,8.5,"16,652","12,580",,,
高井田,"1,962","1,405",19,77.10%,5.68,"11,141","7,978",,,
高円寺,"1,861","1,409",19,67.20%,10.96,"20,399","15,449",,,
高原町,"1,823",917,19,94.00%,4,"7,293","3,667",,,
高品町,"1,957","1,393",18,77.70%,6.52,"12,766","9,088",,,
高島台,"1,938","1,369",18,79.70%,6.19,"12,002","8,474",,,
高島平,"1,941","1,438",19,74.10%,9.21,"17,883","13,247",,,
高松,"1,936","1,465",19,69.60%,8.28,"16,031","12,128",,,
高松市朝日町,"1,716",670,17,95.30%,5.67,"9,725","3,799",,,
高松町,"1,917","1,389",18,77.20%,7.99,"15,323","11,107",,,
高根,"1,922","1,011",18,96.20%,2.33,"4,488","2,361",,,
高根町,"1,935","1,000",18,96.20%,2.12,"4,103","2,119",,,
高槻緑が丘,"2,055","1,104",18,98.40%,2.32,"4,764","2,559",,,
高津,"1,822","1,137",11,83.30%,7.02,"12,797","7,990",,,
高洲,"1,816",911,18,98.90%,2.84,"5,149","2,584",,,
高浜,"2,318","1,498",18,86.70%,3.74,"8,663","5,601",,,
高瀬町,"1,860",660,10,100.00%,1,"1,860",660,,,
高田,"1,750","1,018",18,91.70%,10.98,"19,213","11,174",,,
高田町,"1,945","1,208",11,96.20%,4.4,"8,557","5,312",,,
高田馬場,"2,001","1,524",11,66.70%,12.93,"25,878","19,710",,,
高知天神町,"1,699",937,12,94.10%,5.51,"9,371","5,169",,,
高知神田,"1,778",718,12,98.00%,5.17,"9,199","3,712",,,
高石,"1,924","1,143",11,92.40%,6.56,"12,624","7,499",,,
高砂,"1,898","1,392",18,72.10%,9.17,"17,408","12,762",,,
高鷲,"2,028","1,164",12,91.80%,4.69,"9,505","5,457",,,
鬼ケ窪,"1,680",480,19,100.00%,1,"1,680",480,,,
魚住町,"1,771",747,11,98.60%,3.29,"5,818","2,455",,,
魚崎,"1,898",926,11,98.00%,1.74,"3,311","1,616",,,
鳥浜町,"1,950",999,18,100.00%,2.32,"4,525","2,317",,,
鳥見町,"1,889","1,258",19,82.50%,4.97,"9,393","6,255",,,
鳥飼中,"2,492","1,672",18,83.80%,2.47,"6,148","4,124",,,
鳥飼西,"2,089","1,370",18,88.00%,5.39,"11,264","7,389",,,
鳩ヶ谷本町,"1,968","1,349",11,84.00%,6.09,"11,975","8,207",,,
鳳東町,"1,941","1,218",11,88.10%,5.17,"10,040","6,302",,,
鳴尾浜,"2,003","1,073",19,98.90%,2.26,"4,525","2,424",,,
鳴海町,"1,853","1,118",11,87.40%,6.13,"11,368","6,858",,,
鴨居,"2,157","1,281",12,95.20%,2.38,"5,144","3,056",,,
鴨志田町,"2,122","1,120",17,98.80%,1.67,"3,537","1,867",,,
鵠沼海岸,"2,043",959,13,96.40%,1.65,"3,365","1,580",,,
鵠沼藤が谷,"2,016","1,074",19,98.10%,1.98,"3,982","2,122",,,
鶯の森,"2,022","1,098",12,100.00%,2,"4,044","2,195",,,
鶴が台,"1,905","1,008",19,98.60%,2.44,"4,654","2,462",,,
鶴ケ峰本町,"1,959","1,145",19,92.10%,4.4,"8,624","5,043",,,
鶴川,"1,945","1,031",18,98.70%,2.57,"4,997","2,650",,,
鶴橋・今里,"1,830","1,286",19,75.40%,7.82,"14,306","10,058",,,
鶴瀬東,"1,956","1,238",11,87.90%,5.98,"11,689","7,400",,,
鶴見,"1,941","1,375",11,78.20%,7,"13,597","9,631",,,
鶴見橋,"1,927","1,345",19,79.00%,7.01,"13,505","9,425",,,
鷲宮,"1,813","1,025",18,92.90%,4.93,"8,942","5,058",,,
鷹取,"1,819",910,18,96.40%,2.6,"4,725","2,365",,,
鷹野,"2,128","1,432",11,86.20%,4.83,"10,286","6,922",,,
鷺沼,"1,879","1,292",18,82.10%,6.56,"12,320","8,471",,,
鹿島町,"1,911",839,18,98.70%,4.32,"8,256","3,626",,,
麻布,"2,544","2,078",11,63.90%,16.27,"41,393","33,824",,,
麻溝台,"1,846",921,17,98.20%,2.73,"5,047","2,519",,,
麻生区早野,"1,894","1,006",17,94.90%,2.6,"4,931","2,620",,,
黒川,"2,127","1,143",18,100.00%,1.92,"4,091","2,199",,,
黒谷,"3,119","2,498",11,70.10%,3.77,"11,759","9,417",,,
黒須,"2,027","1,033",11,95.60%,2.46,"4,978","2,535",,,
８条通,"1,886","1,122",18,90.20%,6.22,"11,734","6,979",,,
９条西,"1,693","1,024",18,84.50%,8.23,"13,938","8,428",,,
