指標,流入経路,1/1,1/2,1/3,1/4,1/5,1/6,1/7,1/8,1/9,1/10,1/11,1/12,1/13,1/14,1/15,1/16,1/17,1/18,1/19,1/20,1/21,1/22,1/23,1/24,1/25,1/26,1/27,1/28,1/29,1/30,1/31,2/1,2/2,2/3,2/4,2/5,2/6,2/7,2/8,2/9,2/10,2/11,2/12,2/13,2/14,2/15,2/16,2/17,2/18,2/19,2/20,2/21,2/22,2/23,2/24,2/25,2/26,2/27,2/28,3/1,3/2,3/3,3/4,3/5,3/6,3/7,3/8,3/9,3/10,3/11,3/12,3/13,3/14,3/15,3/16,3/17,3/18,3/19,3/20,3/21,3/22,3/23,3/24,3/25,3/26,3/27,3/28,3/29,3/30,3/31,4/1,4/2,4/3,4/4,4/5,4/6,4/7,4/8,4/9,4/10,4/11,4/12,4/13,4/14,4/15,4/16,4/17,4/18,4/19,4/20,4/21,4/22,4/23,4/24,4/25,4/26,4/27,4/28,4/29,4/30,5/1,5/2,5/3,5/4,5/5,5/6,5/7,5/8,5/9,5/10,5/11,5/12,5/13,5/14,5/15,5/16,5/17,5/18,5/19,5/20,5/21,5/22,5/23,5/24,5/25,5/26,5/27,5/28,5/29,5/30,5/31,6/1,6/2,6/3,6/4,6/5,6/6,6/7,6/8,6/9,6/10,6/11,6/12,6/13,6/14,6/15,6/16,6/17,6/18,6/19,6/20,6/21,6/22,6/23,6/24,6/25,6/26,6/27,6/28,6/29,6/30,7/1,7/2,7/3,7/4,7/5,7/6,7/7,7/8,7/9,7/10,7/11,7/12,7/13,7/14,7/15,7/16,7/17,7/18,7/19,7/20,7/21,7/22,7/23,7/24,7/25,7/26,7/27,7/28,7/29,7/30,7/31,8/1,8/2,8/3,8/4,8/5,8/6,8/7,8/8,8/9,8/10,8/11,8/12,8/13,8/14,8/15,8/16,8/17,8/18,8/19,8/20,8/21,8/22,8/23,8/24,8/25,8/26,8/27,8/28,8/29,8/30,8/31,9/1,9/2,9/3,9/4,9/5,9/6,9/7,9/8,9/9,9/10,9/11,9/12,9/13,9/14,9/15,9/16,9/17,9/18,9/19,9/20,9/21,9/22,9/23,9/24,9/25,9/26,9/27,9/28,9/29,9/30,10/1,10/2,10/3,10/4,10/5,10/6,10/7,10/8,10/9,10/10,10/11,10/12,10/13,10/14,10/15,10/16,10/17,10/18,10/19,10/20,10/21,10/22,10/23,10/24,10/25,10/26,10/27,10/28,10/29,10/30,10/31,11/1,11/2,11/3,11/4,11/5,11/6,11/7,11/8,11/9,11/10,11/11,11/12,11/13,11/14,11/15,11/16,11/17,11/18,11/19,11/20,11/21,11/22,11/23,11/24,11/25,11/26,11/27,11/28,11/29,11/30,12/1,12/2,12/3,12/4,12/5,12/6,12/7,12/8,12/9,12/10,12/11,12/12,12/13,12/14,12/15,12/16,12/17,12/18,12/19,12/20,12/21,12/22,12/23,12/24,12/25,12/26,12/27,12/28,12/29,12/30,12/31,1/1,1/2,1/3,1/4,1/5,1/6,1/7,1/8,1/9,1/10,1/11,1/12,1/13,1/14,1/15,1/16,1/17,1/18,1/19,1/20,1/21,1/22,1/23,1/24,1/25,1/26,1/27,1/28,1/29,1/30,1/31,2/1,2/2,2/3,2/4,2/5,2/6,2/7,2/8,2/9,2/10,2/11,2/12,2/13,2/14,2/15,2/16,2/17,2/18,2/19,2/20,2/21,2/22,2/23,2/24,2/25,2/26,2/27,2/28
コード,KDDI,68,87,103,93,132,73,72,62,79,79,116,143,113,62,74,57,82,122,138,77,88,75,75,61,123,115,76,62,59,72,73,132,153,74,75,79,85,91,122,149,85,144,80,74,77,107,111,72,77,87,83,81,110,136,137,76,85,55,75,143,142,103,98,117,90,88,160,123,95,74,97,82,77,108,186,76,72,81,130,77,73,101,81,60,58,67,77,136,99,80,110,71,74,57,103,102,41,56,49,50,67,78,122,54,47,41,61,48,96,106,50,61,47,43,50,72,82,52,82,61,39,101,84,60,72,105,34,48,45,85,69,40,35,45,30,57,96,71,56,66,31,28,42,83,70,33,36,39,31,47,91,71,41,69,49,59,39,78,94,38,61,48,58,49,84,97,61,47,42,39,42,74,89,48,50,45,41,49,82,80,62,,,,,,,,,,,,,,,,,,,,,,,,,,,,,,,,,,,,,,,,,,,,,,,,,,,,,,,,,,,,,,,44,57,49,66,68,83,100,43,56,52,53,46,80,75,86,37,53,32,21,72,81,49,68,26,39,35,66,71,45,46,51,45,54,90,73,44,41,40,40,42,89,87,88,35,31,39,50,65,82,41,23,51,23,35,70,75,30,24,40,35,38,61,71,68,43,45,33,36,49,72,39,44,30,27,48,54,66,33,39,31,34,34,46,47,35,30,32,45,20,46,41,32,46,33,27,27,56,58,34,24,26,44,47,57,67,47,31,39,33,43,62,79,29,22,39,36,32,50,46,35,49,43,41,48,61,48,37,41,44,39,41,68,86,52,45,39,43,38,71,81,50,46,41,45,34,74,76,45,44,42,58,60,86,99,76,82,87,79,95,185,205,132,112,199,111,110,131,164,93,74,81,63,77,95,104,99,55,67,50,59,73
コード,オーガニック,212,164,217,254,255,244,129,155,173,178,278,290,208,108,125,138,103,312,501,288,194,256,305,183,402,518,271,240,325,329,334,584,624,80,123,305,272,257,502,576,202,450,108,218,269,525,595,169,141,257,252,303,468,421,446,154,239,294,260,295,339,272,216,222,205,182,215,249,176,152,207,216,205,310,441,180,185,188,258,180,270,277,198,193,191,193,157,328,256,201,264,212,216,211,311,312,179,161,142,188,177,277,340,147,145,91,105,158,267,305,155,138,164,84,120,227,313,170,251,107,176,196,205,225,166,316,72,147,172,268,238,118,102,152,147,141,210,239,111,112,174,129,129,236,239,136,148,155,146,168,230,231,205,225,166,177,201,314,329,205,194,205,205,195,318,285,244,207,200,173,188,354,346,239,204,268,226,191,264,303,154,341,323,342,345,448,526,309,352,279,339,328,456,497,338,390,366,351,320,479,527,516,329,393,425,401,534,660,454,341,338,412,383,485,628,390,398,319,291,271,380,443,406,310,297,323,329,343,384,234,265,283,271,271,382,413,266,264,234,254,283,374,407,175,185,152,137,169,237,267,168,164,168,143,160,251,256,275,166,151,237,221,259,271,143,238,142,183,184,191,227,177,160,247,277,244,399,366,218,223,234,268,266,363,362,390,232,248,262,263,374,385,286,239,259,246,251,374,435,262,259,292,273,381,392,450,436,237,247,308,200,224,312,154,163,200,198,193,269,267,168,147,156,137,143,232,237,194,159,147,141,179,517,458,263,236,235,226,275,399,451,268,272,226,238,219,325,379,220,187,202,225,313,427,469,259,262,386,316,317,392,421,375,223,417,140,190,280,285,165,167,198,204,333,489,491,511,310,283,369,391,504,611,338,326,351,326,347,541,581,339,331,350,392,486,739,780,437,561,643,585,845,"1,302","1,129",345,727,"1,387",384,619,"1,064","1,010",419,507,544,424,604,813,795,796,338,470,357,481,732
コード,ポスティング,6,25,83,127,314,245,283,359,469,586,994,945,945,473,397,393,445,660,702,300,280,264,240,265,423,497,234,203,255,206,220,54,136,150,306,390,512,612,944,999,527,922,460,399,424,680,736,314,284,341,291,289,484,507,449,214,193,192,182,37,113,81,148,203,245,343,652,634,327,389,371,312,389,518,690,248,251,266,416,208,284,343,170,189,184,174,148,319,268,141,4,8,27,34,85,98,47,65,58,56,55,111,89,36,35,39,44,35,59,61,23,24,16,17,18,34,24,25,31,16,4,17,19,49,55,106,38,61,69,121,123,44,49,54,44,44,69,63,31,28,36,33,24,48,61,22,15,12,11,17,50,22,44,53,54,77,80,130,139,79,80,81,62,60,123,124,53,46,51,43,43,91,82,41,34,44,26,37,48,68,29,0,0,0,0,0,0,0,0,0,0,0,0,0,0,0,0,0,0,0,0,0,0,0,0,0,0,0,0,0,0,0,2,3,5,3,2,1,7,2,10,7,4,6,4,3,2,2,8,3,3,1,0,3,3,9,3,2,1,2,2,1,3,0,0,0,0,0,0,0,0,0,0,0,0,0,0,0,0,0,0,0,0,0,0,0,0,0,0,0,0,0,0,0,0,0,0,0,0,0,0,0,0,0,0,0,0,11,22,52,91,154,101,113,123,134,118,221,239,108,86,100,86,98,8,29,64,74,88,110,154,268,269,114,118,114,121,96,152,162,57,85,66,57,50,99,98,98,39,34,34,48,71,81,10,44,73,118,145,219,266,124,148,140,113,109,210,202,70,67,88,74,80,134,143,69,52,71,67,62,74,65,68,61,45,0,0,0,0,0,0,0,0,0,17,50,106,99,82,151,196,294,276,118,118,124,107,83,173,194,64,65,72,65,63,114,2,13,24,50,118,113,172,329,313,225,289,474,281,265,380,407,296,281,356,389,404,484,470,350,316,310,333,429
コード,Adpon affiliate,0,52,61,84,114,88,57,60,58,52,78,104,83,53,55,57,73,92,105,72,76,68,69,71,104,109,69,46,73,85,69,103,120,73,71,85,68,92,124,149,85,135,76,77,88,100,124,63,74,80,57,51,86,94,100,60,67,66,78,108,145,112,96,80,73,76,137,114,69,79,90,71,77,108,177,82,81,78,104,76,80,101,62,63,63,72,68,130,117,75,115,72,73,60,90,108,60,54,58,63,65,94,143,51,49,64,50,62,99,97,52,52,65,36,55,65,70,48,76,55,57,74,52,70,68,120,40,48,55,79,96,38,43,35,47,39,106,81,48,38,40,43,32,79,80,46,38,39,56,73,67,70,49,66,34,23,45,58,75,54,53,44,45,45,74,86,51,35,47,55,37,59,87,46,40,37,58,39,82,85,31,0,0,0,0,0,0,0,0,0,0,0,0,0,0,0,0,0,0,0,0,0,0,0,0,0,0,0,0,0,0,0,0,0,0,0,0,0,0,0,0,0,0,0,0,0,0,0,0,0,0,0,0,0,0,0,0,0,0,0,0,0,0,40,33,34,34,41,48,54,26,23,25,29,42,46,54,34,21,35,17,15,42,54,34,39,16,33,30,42,57,33,32,37,37,37,37,37,37,37,37,37,37,37,37,37,37,37,37,37,37,37,37,37,37,37,37,37,37,37,37,37,37,37,38,38,38,38,38,38,25,47,73,29,37,26,29,21,37,51,34,17,26,26,18,40,35,52,41,41,25,22,50,33,39,37,30,33,25,39,61,24,24,18,28,37,54,60,33,24,25,27,38,39,62,25,21,54,41,47,24,35,36,41,21,28,41,37,45,30,31,28,42,29,48,54,45,25,23,32,42,44,59,43,46,41,27,29,54,58,38,31,28,46,33,36,61,53,44,71,63,54,85,90,67,72,89,41,43,61,80,52,53,47,42,35,38,55,41,30,41,24,50,49
コード,サンプリング,185,211,240,243,280,196,223,255,236,253,327,370,411,291,267,225,255,357,402,208,262,300,244,297,417,383,219,207,229,213,245,19,8,13,25,41,49,100,208,127,120,233,148,153,216,318,195,175,172,181,143,245,274,290,167,159,138,124,158,117,227,160,156,166,169,143,274,364,220,206,201,175,204,294,400,185,175,212,261,209,207,213,117,125,113,135,108,207,196,148,95,76,98,95,138,174,107,96,125,125,134,169,263,114,120,114,85,112,184,226,112,105,143,88,96,187,243,157,208,160,92,110,146,161,150,138,81,65,77,117,127,57,63,59,58,52,124,103,57,61,50,47,55,99,84,50,55,51,55,61,89,44,39,52,23,38,49,60,66,61,42,53,35,53,123,88,43,52,49,34,49,60,90,53,43,39,48,47,67,87,63,59,43,51,55,85,71,54,54,45,39,57,82,69,57,47,45,29,53,83,89,68,51,51,41,57,71,70,43,47,53,50,72,88,91,65,59,64,55,68,77,114,89,81,74,73,71,44,43,18,8,18,8,6,13,12,10,7,14,8,5,2,13,0,0,0,0,0,0,0,0,0,0,0,0,0,0,0,0,0,0,0,0,0,0,0,0,0,0,0,0,0,0,0,0,0,0,0,0,0,0,0,0,0,0,0,0,0,0,0,0,0,0,0,0,0,0,0,0,0,0,0,0,0,14,17,15,5,3,1,8,1,8,1,1,1,0,3,1,3,3,4,2,1,4,3,2,3,1,0,0,1,3,4,0,0,0,0,2,19,53,35,23,24,25,31,48,62,45,37,41,31,43,63,86,36,38,42,36,29,44,42,29,30,22,0,0,0,0,0,0,0,0,0,0,0,0,0,0,0,0,0,0,0,0,0,0,0,0,0,0,0,0,0,0,0,19,8,13,25,41,49,100,208,127,120,233,148,153,216,318,195,175,172,181,143,245,274,290,167,159,138,124,158
コード,同梱,0,0,10,47,98,98,111,132,147,190,284,295,370,180,216,221,274,372,425,196,227,248,246,231,374,401,228,212,223,210,223,0,1,2,15,15,39,77,101,64,75,165,101,102,116,136,85,96,111,78,97,135,144,156,76,81,74,84,113,0,0,0,0,0,1,3,16,27,37,39,47,58,73,97,155,84,72,85,138,84,103,139,86,105,119,115,113,165,164,109,2,6,6,8,8,25,26,35,61,60,41,39,55,71,61,122,145,59,70,97,68,71,117,157,99,112,81,94,104,122,4,7,7,2,8,18,11,30,33,73,111,62,74,67,66,73,154,159,83,86,79,91,73,167,193,85,87,94,102,99,196,0,1,5,8,27,33,48,74,58,60,69,65,58,132,115,72,63,71,65,70,157,159,89,73,81,85,76,119,117,44,0,0,0,0,0,0,0,0,0,0,0,0,0,0,0,0,0,0,0,0,0,0,0,0,0,0,0,0,0,0,0,0,0,0,0,0,0,0,0,0,0,0,0,0,0,0,0,0,0,0,0,0,0,0,0,0,0,0,0,0,0,0,0,0,0,0,0,0,0,0,0,0,0,0,0,0,0,0,0,0,0,0,0,0,0,0,0,0,0,0,0,0,0,0,0,0,0,0,0,0,0,0,0,0,0,0,0,0,0,0,0,0,0,0,0,0,0,0,0,0,0,0,0,0,0,0,0,0,0,0,0,0,0,0,0,0,0,0,0,0,0,0,0,0,0,0,0,0,0,0,0,0,0,0,1,4,3,11,24,33,32,36,54,72,65,131,150,85,99,89,108,118,139,229,109,89,161,151,101,187,175,163,160,149,0,0,0,0,0,1,9,21,21,36,50,60,45,63,79,74,176,181,106,100,120,130,121,183,234,147,125,138,104,122,167,0,1,2,15,15,39,77,101,64,75,165,101,102,116,136,85,96,111,78,97,135,144,156,76,81,74,84,113
コード,Googleリスティング,21,20,24,21,20,21,23,12,13,23,24,43,32,17,21,17,15,15,33,10,15,14,18,19,25,28,15,16,19,23,14,117,159,91,69,84,78,81,102,88,75,102,62,68,59,67,84,45,57,59,53,54,74,97,119,66,61,63,70,88,120,88,92,94,70,75,109,121,71,91,72,58,62,75,136,67,62,80,78,46,80,93,46,44,42,44,60,79,80,48,85,42,35,45,58,81,31,31,37,38,32,60,93,32,34,33,33,40,52,57,54,32,33,27,34,43,56,44,55,32,46,46,45,49,53,79,32,19,36,45,34,25,24,22,19,29,58,61,28,29,41,27,33,50,63,30,36,23,25,40,68,57,31,65,36,29,39,46,56,34,36,53,33,45,65,62,30,32,34,27,38,53,50,31,30,35,40,26,63,65,34,7,4,9,17,19,15,7,13,3,8,11,12,16,5,13,6,16,7,20,10,16,8,5,6,8,9,12,12,5,8,4,36,42,53,36,35,32,23,32,34,43,34,24,36,32,30,39,38,29,30,21,22,25,33,52,27,27,29,26,31,39,51,38,33,36,40,38,34,52,21,31,29,32,28,43,43,60,35,31,21,14,49,53,35,39,17,29,27,47,47,37,27,9,10,13,17,17,6,8,11,9,14,24,18,16,11,10,12,13,12,18,11,3,9,6,6,16,10,8,9,11,5,4,0,0,0,0,0,0,26,35,59,29,25,34,29,28,38,57,35,30,28,29,31,42,41,42,35,33,35,31,46,65,37,29,33,41,29,41,39,38,33,25,17,16,16,20,11,9,19,17,21,16,31,6,17,19,20,18,11,20,20,18,27,7,12,12,14,5,14,15,18,14,19,32,22,8,14,7,13,6,14,8,13,16,8,10,18,17,9,4,1,2,2,3,30,15,25,44,40,32,55,49,25,34,56,24,23,39,44,25,25,8,4,4,4,5,6,2,0,0,3,2
ツール,ASA（非ブランド）ツールCV,29,31,44,35,45,45,27,30,44,21,35,42,34,13,13,9,4,5,9,5,13,11,31,35,57,39,29,36,20,32,39,43,43,50,30,42,38,42,56,43,47,66,34,40,43,40,45,33,25,31,21,22,35,42,50,28,31,20,31,42,82,62,49,49,57,51,76,75,45,62,56,33,39,66,69,41,52,43,42,38,31,41,31,41,42,39,26,40,52,37,30,17,28,22,11,14,7,35,48,54,51,50,42,42,37,58,53,46,55,47,48,51,41,41,43,75,72,56,35,22,34,45,35,44,38,40,36,46,38,36,29,26,25,27,42,34,70,59,53,35,36,35,35,33,39,45,42,42,51,35,46,88,57,27,22,28,33,71,81,69,40,19,23,30,93,95,13,44,31,19,29,71,68,51,29,25,33,42,62,70,42,42,21,28,28,44,53,31,31,29,31,26,57,55,31,33,25,30,24,49,55,47,37,27,32,27,42,52,37,32,20,32,34,47,55,33,28,42,30,34,43,73,56,38,32,29,31,34,44,25,22,20,22,23,41,33,18,19,16,15,19,29,23,0,17,14,10,22,21,29,18,21,22,26,28,39,46,40,14,30,14,16,35,36,16,37,19,15,26,33,38,20,17,25,26,23,42,42,10,19,16,21,28,55,34,35,36,21,22,33,38,45,26,15,23,26,19,34,50,19,9,23,14,20,14,25,18,15,5,17,24,13,25,14,15,12,21,15,14,9,10,12,6,5,9,12,10,9,18,18,22,6,11,6,28,24,26,24,31,41,51,31,24,24,23,21,45,43,17,28,31,22,36,69,55,25,23,40,21,33,39,41,20,16,16,23,31,44,38,24,24,39,38,46,65,56,80,47,28,38,14,45,49,15,14,15,18,13,15,14,13,10,7,8,18,25,31,30,70,71,49,76,104,121,82,77,132,69,81,113,110,69,85,55,6,1,4,3,6,2,2,1,3,4
ツール,デジタル（ディスプレイ）ツールCV,109,133,152,183,245,182,200,205,199,200,289,311,287,200,199,152,199,363,400,286,286,303,270,260,403,452,230,291,314,302,322,600,727,310,316,385,315,343,529,549,372,547,350,252,258,336,362,201,228,210,212,195,408,427,396,214,234,242,238,452,613,449,417,444,353,386,644,689,390,366,371,276,291,439,567,208,233,212,282,180,222,273,159,127,177,160,182,349,289,208,169,132,126,121,151,214,153,122,110,119,108,193,240,100,90,97,84,66,141,168,102,90,69,75,54,102,143,85,110,74,104,161,136,180,152,244,109,113,127,202,241,114,114,120,103,114,225,178,110,136,108,98,82,180,166,83,75,79,90,92,132,181,137,166,115,110,142,212,208,156,160,193,142,153,290,246,187,161,121,46,94,263,274,139,172,129,119,142,225,217,69,11,1,0,1,0,0,0,0,0,2,0,0,1,0,0,0,5,11,10,20,12,11,11,13,10,20,7,9,10,10,7,28,42,42,39,32,28,29,31,27,30,47,30,25,29,26,19,17,16,19,26,22,22,42,44,16,25,31,26,32,48,39,29,21,25,23,16,29,33,25,28,32,32,34,34,41,38,36,31,22,19,31,31,17,22,12,13,14,22,23,7,9,40,55,45,68,66,48,40,54,46,35,69,68,70,34,47,37,35,80,81,59,42,48,51,61,107,100,92,89,110,60,60,90,83,71,43,49,45,38,55,85,40,47,44,44,36,56,74,58,51,49,34,43,47,57,39,21,31,39,39,74,118,66,62,64,56,72,98,68,42,62,63,56,66,91,136,76,45,52,64,71,135,166,103,76,101,96,62,90,76,75,70,38,36,44,54,76,70,66,43,60,112,119,147,158,113,106,95,52,35,33,48,48,48,37,34,76,73,44,27,82,117,93,22,516,421,436,585,554,549,830,801,528,562,876,500,472,562,655,484,475,588,146,28,15,20,22,8,7,2,9,8
ツール,TikTokツールCV,77,89,113,122,171,139,152,155,152,139,214,231,226,155,167,110,135,246,276,178,198,211,188,198,312,333,171,235,254,242,244,464,556,214,236,288,221,255,380,408,273,411,255,201,213,264,284,165,192,177,186,155,359,369,338,177,161,158,176,306,419,284,274,268,237,266,469,494,319,295,284,197,200,319,430,136,165,148,194,132,150,205,116,92,140,118,128,267,239,170,135,96,87,90,112,155,109,89,77,79,78,128,181,75,59,64,56,40,102,111,63,49,41,38,32,64,86,56,69,51,68,101,74,88,93,129,68,68,89,128,152,83,72,73,59,72,140,109,73,83,63,51,54,108,89,35,39,40,53,53,75,97,70,78,61,57,81,133,138,96,104,137,88,109,191,175,128,102,81,9,39,183,177,84,85,83,83,98,181,153,61,2,0,0,0,0,0,0,0,0,0,0,0,0,0,0,0,3,11,10,19,11,11,11,13,10,20,7,9,10,10,7,27,37,40,39,26,27,29,26,24,25,40,24,17,22,17,18,16,13,14,21,18,20,36,36,11,24,23,17,23,38,34,25,21,22,17,13,18,17,16,20,16,26,26,24,24,26,29,23,17,11,28,22,9,13,9,11,9,16,19,6,8,16,20,17,26,16,15,10,26,25,14,51,42,43,16,20,14,17,56,56,43,25,31,28,40,71,74,62,51,63,26,9,42,54,45,32,32,28,15,31,52,23,23,17,22,12,19,30,30,20,23,17,13,30,36,23,11,14,20,28,47,85,24,21,17,15,21,22,32,17,10,12,8,18,28,32,10,9,6,10,11,51,58,35,18,26,32,23,25,31,20,28,17,3,3,12,10,9,9,13,17,19,23,33,44,10,18,20,21,21,20,18,19,21,15,13,27,33,17,15,35,43,39,22,210,139,134,156,146,134,265,242,159,153,300,139,153,172,179,124,150,118,9,0,0,0,0,0,0,0,0,0
ツール,GoogleツールCV,32,43,37,60,74,42,46,46,46,58,75,77,60,43,31,37,64,109,113,89,72,72,65,49,83,115,58,56,57,54,62,135,169,95,79,96,93,86,145,136,97,130,91,47,40,69,71,32,34,32,25,37,49,56,58,36,72,80,59,1,3,1,1,1,1,1,1,1,0,0,0,0,0,1,0,0,0,0,0,0,0,0,0,0,0,0,0,0,0,0,30,30,37,29,34,53,39,27,32,38,28,61,54,23,27,33,28,24,32,48,35,39,25,36,22,34,49,25,39,20,27,47,48,70,39,68,29,37,29,51,57,24,23,30,33,29,57,49,27,38,33,37,18,48,52,38,23,33,28,30,44,59,51,51,35,37,50,60,47,43,34,33,37,38,71,48,33,37,25,18,38,55,59,42,44,30,20,39,36,49,4,2,1,0,1,0,0,0,0,0,2,0,0,1,0,0,0,2,0,0,1,1,0,0,0,0,0,0,0,0,0,0,0,0,0,0,0,0,0,0,0,0,0,0,0,0,0,0,0,0,0,0,0,0,0,0,0,0,0,0,0,0,0,0,0,0,0,0,0,0,0,0,0,0,0,0,0,0,0,0,0,0,0,0,0,0,0,0,0,0,0,0,0,20,22,16,22,24,21,18,23,15,19,14,18,20,17,21,17,13,18,18,13,14,8,23,21,25,21,21,22,26,21,22,14,21,19,8,13,11,20,16,28,12,5,7,9,14,16,18,8,14,16,10,9,12,12,10,9,12,11,6,10,12,8,10,11,12,19,22,26,19,13,16,15,16,25,33,24,15,14,18,27,38,36,21,25,25,23,23,35,14,27,18,18,18,22,23,33,27,30,27,40,48,44,46,49,29,25,22,29,12,8,30,27,25,21,17,45,33,23,10,27,25,27,27,124,110,122,153,147,144,216,209,156,151,206,166,159,140,191,183,129,311,9,6,8,5,8,2,2,1,0,1
-,ASA配信金額,"¥67,925","¥71,687","¥74,926","¥59,950","¥65,381","¥70,046","¥36,810","¥36,127","¥42,601","¥39,195","¥37,266","¥40,789","¥51,434","¥38,335","¥30,342","¥20,487","¥21,914","¥20,350","¥24,313","¥19,510","¥67,890","¥61,660","¥79,255","¥78,097","¥96,345","¥93,025","¥88,764","¥86,109","¥69,270","¥47,088","¥46,690","¥82,552","¥84,918","¥63,720","¥59,493","¥68,008","¥62,589","¥64,002","¥80,538","¥75,120","¥72,952","¥85,195","¥68,276","¥61,034","¥60,943","¥66,851","¥73,357","¥59,921","¥64,173","¥66,803","¥64,794","¥59,246","¥93,944","¥96,316","¥100,293","¥76,923","¥103,042","¥100,784","¥89,334","¥145,878","¥148,767","¥120,739","¥130,561","¥116,296","¥122,167","¥115,327","¥140,987","¥137,227","¥107,213","¥112,806","¥117,555","¥97,155","¥82,650","¥120,995","¥151,585","¥97,607","¥101,866","¥106,554","¥113,507","¥85,075","¥103,212","¥106,812","¥90,228","¥87,416","¥97,683","¥76,704","¥86,010","¥118,443","¥111,761","¥93,707","¥36,862","¥32,525","¥29,182","¥26,954","¥14,919","¥12,395","¥9,641","¥18,639","¥24,283","¥26,249","¥26,134","¥26,190","¥26,274","¥25,536","¥26,310","¥26,268","¥26,086","¥25,977","¥26,170","¥26,298","¥26,148","¥26,138","¥26,069","¥34,529","¥34,017","¥51,905","¥57,920","¥48,962","¥20,413","¥19,465","¥22,144","¥22,235","¥22,441","¥22,522","¥22,149","¥22,219","¥22,057","¥21,941","¥22,118","¥21,929","¥22,140","¥22,417","¥21,945","¥22,016","¥30,096","¥30,172","¥45,004","¥45,078","¥44,027","¥30,317","¥30,218","¥30,223","¥30,466","¥30,152","¥30,235","¥39,033","¥40,069","¥39,379","¥39,893","¥40,564","¥43,013","¥54,239","¥46,238","¥20,123","¥20,207","¥20,515","¥25,079","¥49,685","¥51,243","¥43,884","¥20,084","¥20,125","¥20,043","¥20,222","¥60,009","¥59,913","¥10,970","¥51,650","¥62,494","¥61,629","¥61,622","¥117,074","¥116,682","¥77,479","¥55,048","¥47,935","¥39,681","¥56,214","¥84,211","¥92,475","¥61,806","¥56,211","¥54,867","¥48,529","¥57,414","¥94,092","¥109,142","¥72,638","¥52,855","¥52,467","¥64,213","¥62,688","¥94,771","¥116,640","¥68,995","¥76,306","¥69,894","¥50,976","¥68,620","¥89,935","¥95,902","¥122,009","¥67,180","¥81,279","¥74,122","¥83,120","¥99,584","¥118,973","¥67,006","¥57,688","¥72,928","¥60,204","¥61,478","¥95,011","¥116,424","¥73,799","¥84,822","¥88,979","¥73,260","¥74,995","¥104,076","¥135,244","¥120,952","¥90,075","¥74,381","¥77,871","¥84,849","¥95,645","¥96,252","¥63,444","¥59,951","¥48,034","¥49,374","¥50,153","¥77,582","¥81,301","¥49,145","¥49,841","¥48,982","¥50,259","¥42,813","¥60,948","¥61,295","¥41,192","¥39,136","¥46,905","¥55,739","¥76,061","¥65,258","¥79,894","¥56,738","¥50,184","¥60,256","¥74,522","¥81,599","¥118,959","¥125,396","¥123,705","¥82,140","¥76,893","¥83,122","¥81,834","¥135,614","¥136,461","¥95,241","¥130,702","¥115,124","¥109,539","¥85,208","¥124,532","¥137,404","¥49,407","¥54,152","¥55,136","¥54,299","¥61,374","¥84,847","¥81,464","¥28,225","¥50,218","¥49,471","¥53,526","¥61,781","¥109,375","¥106,229","¥98,272","¥91,406","¥79,265","¥66,468","¥65,966","¥111,165","¥109,567","¥65,953","¥30,682","¥62,335","¥42,138","¥45,891","¥105,828","¥138,265","¥53,954","¥63,749","¥66,952","¥48,034","¥59,048","¥46,314","¥42,119","¥41,022","¥44,824","¥49,588","¥54,793","¥54,053","¥55,828","¥66,352","¥50,222","¥48,512","¥50,591","¥33,924","¥36,849","¥43,872","¥47,199","¥35,313","¥28,360","¥34,132","¥33,024","¥32,159","¥39,696","¥42,341","¥41,821","¥41,534","¥44,178","¥33,947","¥10,332","¥7,666","¥8,350","¥43,721","¥46,071","¥50,146","¥43,099","¥37,702","¥48,911","¥52,489","¥34,531","¥21,614","¥24,085","¥21,869","¥23,987","¥48,922","¥61,787","¥40,988","¥37,673","¥46,895","¥47,834","¥46,481","¥204,731","¥237,221","¥132,182","¥49,446","¥178,604","¥75,475","¥93,325","¥115,872","¥90,011","¥23,436","¥11,573","¥10,901","¥76,139","¥119,909","¥78,765","¥45,972","¥41,001","¥40,405","¥38,098","¥32,509","¥34,164","¥38,514","¥47,213","¥58,484","¥43,765","¥18,474","¥34,388","¥11,555","¥50,109","¥26,684","¥5,999","¥5,984","¥5,088","¥3,539","¥2,365","¥3,574","¥3,526","¥3,534","¥3,238","¥3,398","¥3,125","¥3,645","¥5,089","¥55,295","¥112,260","¥209,886","¥210,493","¥155,695","¥180,856","¥227,481","¥231,349","¥175,599","¥215,136","¥221,480","¥85,706","¥108,645","¥183,781","¥191,928","¥108,522","¥109,956","¥75,333",¥0,¥0,¥0,¥0,¥0,¥0,¥0,¥0,¥0,¥0
-,Google配信金額,"¥47,352","¥47,710","¥48,462","¥44,272","¥40,512","¥41,020","¥42,947","¥42,740","¥42,715","¥44,573","¥42,352","¥46,602","¥57,597","¥42,002","¥43,221","¥34,331","¥21,495","¥21,670","¥17,233","¥13,337","¥12,187","¥5,258","¥8,352","¥8,436","¥10,315","¥9,540","¥13,102","¥6,373","¥8,456","¥19,507","¥27,416","¥13,886","¥14,248","¥7,217","¥14,442","¥4,937","¥4,046","¥1,826","¥5,459","¥5,517","¥8,785","¥6,924","¥7,265","¥16,060","¥22,068","¥88,705","¥102,457","¥73,903","¥84,278","¥76,161","¥59,079","¥43,699","¥51,933","¥65,391","¥71,970","¥54,120","¥24,096","¥6,360","¥4,068","¥6,429","¥16,896","¥21,573","¥11,686","¥3,294","¥3,020","¥3,160","¥4,563","¥2,066","¥2,867","¥1,494",¥342,¥0,¥0,¥0,¥0,¥0,¥0,¥0,¥0,¥0,¥0,¥0,¥0,¥0,¥0,¥0,¥0,¥0,¥0,¥0,"¥81,733","¥61,077","¥46,089","¥45,350","¥56,288","¥68,611","¥37,301","¥46,659","¥43,266","¥52,421","¥51,904","¥80,702","¥120,049","¥54,205","¥41,377","¥46,811","¥48,614","¥42,696","¥63,590","¥131,893","¥128,280","¥105,964","¥96,960","¥91,913","¥101,799","¥164,759","¥160,076","¥120,811","¥118,380","¥69,472","¥57,376","¥80,486","¥71,845","¥84,812","¥74,716","¥84,953","¥50,856","¥48,301","¥50,707","¥77,212","¥90,538","¥57,685","¥53,209","¥76,973","¥74,098","¥85,103","¥180,060","¥168,826","¥139,839","¥108,215","¥100,186","¥102,934","¥86,717","¥165,974","¥202,972","¥151,357","¥109,204","¥106,857","¥131,491","¥124,838","¥225,322","¥238,427","¥161,850","¥215,338","¥154,630","¥146,136","¥146,825","¥193,649","¥207,197","¥127,983","¥145,486","¥132,654","¥115,894","¥100,037","¥146,252","¥155,107","¥86,152","¥83,854","¥79,599","¥88,435","¥109,357","¥157,262","¥385,160","¥242,772","¥122,980","¥91,719","¥91,391","¥98,000","¥147,981","¥150,378","¥17,729",¥0,¥0,¥0,¥0,¥0,¥0,¥0,¥0,¥0,¥0,¥0,¥0,¥0,¥0,¥0,¥0,¥0,¥0,¥0,¥0,¥0,¥0,¥0,¥0,¥0,¥0,¥0,¥0,¥0,¥0,¥0,¥0,¥0,¥0,¥0,¥0,¥0,¥0,¥0,¥0,¥0,¥0,¥0,¥0,¥0,¥0,¥0,¥0,¥0,¥0,¥0,¥0,¥0,¥0,¥0,¥0,¥0,¥0,¥0,¥0,¥0,¥0,¥0,¥0,¥0,¥0,¥0,¥0,¥0,¥0,¥0,¥0,¥0,¥0,¥0,¥0,¥0,¥0,¥0,¥0,¥0,¥0,¥0,¥0,¥0,¥0,¥0,¥0,¥0,¥0,¥0,¥0,"¥29,436","¥50,801","¥41,832","¥40,395","¥42,803","¥30,871","¥22,718","¥63,570","¥46,461","¥44,199","¥45,939","¥45,343","¥43,599","¥36,679","¥34,368","¥38,576","¥40,671","¥40,921","¥39,677","¥37,687","¥34,391","¥54,299","¥63,879","¥61,066","¥67,859","¥61,544","¥49,504","¥55,404","¥115,068","¥69,799","¥85,736","¥61,347","¥72,207","¥75,446","¥50,587","¥49,944","¥46,806","¥53,105","¥48,172","¥58,694","¥39,757","¥39,105","¥38,250","¥36,840","¥38,344","¥44,420","¥52,776","¥31,862","¥26,599","¥21,615","¥22,582","¥32,491","¥43,506","¥36,888","¥35,645","¥34,982","¥31,539","¥39,093","¥34,092","¥61,941","¥53,249","¥49,244","¥40,369","¥41,568","¥23,380","¥36,392","¥43,468","¥63,878","¥50,079","¥52,086","¥69,678","¥62,508","¥67,086","¥84,709","¥103,561","¥71,400","¥64,420","¥70,548","¥82,250","¥97,699","¥132,821","¥146,054","¥104,179","¥134,227","¥175,296","¥171,115","¥145,282","¥166,368","¥205,305","¥205,708","¥203,390","¥215,666","¥40,889","¥45,191","¥48,780","¥58,027","¥48,861","¥65,341","¥74,310","¥93,413","¥105,915","¥123,263","¥139,041","¥145,525","¥101,754","¥79,529","¥57,884","¥35,701","¥10,936","¥10,268","¥30,453","¥31,468","¥33,017","¥30,737","¥31,476","¥30,746","¥29,245","¥29,177","¥10,105","¥84,996","¥82,275","¥94,210","¥102,407","¥759,613","¥696,889","¥952,938","¥1,110,918","¥1,089,973","¥1,106,487","¥1,430,446","¥1,179,481","¥1,121,212","¥1,065,849","¥1,240,600","¥1,018,774","¥1,048,945","¥1,063,226","¥1,029,884","¥1,031,169","¥1,017,384","¥880,807",¥0,¥0,¥0,¥0,¥0,¥0,¥0,¥0,¥0,¥0
-,TikTok配信金額,"¥301,747","¥300,768","¥275,883","¥322,890","¥322,158","¥320,497","¥331,242","¥331,742","¥289,930","¥295,027","¥323,317","¥329,606","¥330,452","¥333,287","¥300,560","¥299,182","¥510,453","¥725,542","¥788,975","¥809,408","¥1,226,101","¥1,392,457","¥1,505,822","¥1,610,454","¥1,950,260","¥1,859,077","¥1,879,354","¥2,052,108","¥2,060,816","¥2,225,455","¥2,677,211","¥3,373,006","¥3,322,616","¥853,004","¥821,095","¥812,531","¥796,654","¥1,132,817","¥1,377,532","¥1,347,231","¥1,308,572","¥1,342,019","¥1,354,723","¥1,130,850","¥1,132,449","¥1,123,699","¥1,131,448","¥1,133,941","¥1,004,270","¥1,003,914","¥946,022","¥1,533,526","¥2,130,707","¥2,077,949","¥2,176,980","¥1,370,496","¥1,376,986","¥1,373,844","¥2,023,068","¥2,236,019","¥2,175,126","¥1,483,649","¥1,426,002","¥852,135","¥852,354","¥880,343","¥1,546,480","¥1,496,917","¥1,473,203","¥1,359,459","¥1,173,419","¥1,124,712","¥1,761,673","¥2,802,748","¥2,791,989","¥1,162,581","¥1,114,013","¥672,087","¥1,105,096","¥700,692","¥1,042,657","¥1,021,151","¥553,693","¥525,095","¥520,313","¥600,543","¥734,221","¥962,996","¥973,765","¥701,303","¥193,079","¥193,248","¥192,039","¥189,203","¥228,453","¥240,663","¥172,452","¥172,728","¥150,636","¥217,325","¥225,821","¥269,565","¥271,679","¥200,798","¥200,489","¥200,367","¥199,937","¥199,624","¥227,875","¥230,760","¥163,413","¥160,544","¥160,140","¥160,257","¥160,182","¥213,701","¥218,692","¥171,021","¥170,391","¥169,923","¥130,289","¥130,226","¥129,485","¥130,399","¥150,347","¥149,820","¥191,255","¥200,822","¥203,507","¥393,564","¥370,285","¥384,194","¥433,141","¥201,276","¥199,600","¥200,219","¥363,682","¥358,935","¥211,887","¥212,075","¥180,561","¥192,084","¥198,550","¥360,000","¥357,379","¥266,386","¥250,784","¥394,422","¥503,004","¥551,935","¥582,260","¥569,696","¥259,371","¥260,263","¥259,047","¥261,472","¥261,271","¥359,426","¥361,600","¥223,770","¥248,470","¥247,344","¥242,594","¥240,044","¥407,360","¥392,721","¥241,875","¥236,251","¥121,213",¥22,"¥255,669","¥475,721","¥390,771","¥200,185","¥256,717","¥296,430","¥291,781","¥416,695","¥545,283","¥501,570","¥137,695",¥0,¥0,¥0,¥0,¥0,¥0,¥0,¥0,¥0,¥0,¥0,¥0,¥0,¥0,¥0,¥0,"¥6,230","¥12,500","¥11,270","¥10,021","¥10,027","¥10,014","¥9,942","¥9,959","¥10,039","¥9,961","¥10,006","¥9,961","¥10,064","¥10,002","¥10,007","¥48,698","¥64,429","¥94,503","¥94,180","¥50,042","¥49,991","¥50,047","¥50,079","¥49,839","¥50,028","¥93,694","¥50,022","¥49,911","¥50,255","¥50,041","¥49,732","¥50,006","¥49,926","¥50,308","¥75,456","¥79,062","¥102,625","¥199,435","¥200,536","¥68,600","¥115,913","¥115,651","¥100,161","¥100,160","¥178,846","¥200,066","¥59,928","¥83,970","¥69,759","¥63,719","¥60,008","¥59,708","¥60,220","¥66,663","¥51,991","¥59,051","¥69,855","¥68,646","¥83,946","¥80,249","¥80,564","¥79,964","¥80,297","¥50,115","¥49,572","¥59,510","¥58,858","¥40,275","¥39,958","¥40,082","¥40,018","¥39,922","¥39,661","¥40,009","¥40,067","¥40,082","¥40,313","¥40,066","¥39,960","¥39,243","¥40,481","¥37,338","¥27,729","¥72,626","¥70,334","¥75,744","¥166,484","¥159,486","¥160,249","¥82,228","¥85,165","¥84,924","¥66,513","¥142,826","¥148,203","¥125,225","¥77,022","¥95,935","¥133,152","¥179,084","¥368,994","¥423,121","¥376,976","¥381,552","¥339,688","¥178,706","¥66,064","¥163,377","¥201,515","¥197,480","¥107,474","¥107,987","¥83,902","¥43,157","¥75,908","¥108,739","¥74,255","¥42,633","¥39,878","¥40,534","¥49,983","¥50,282","¥58,519","¥78,112","¥68,972","¥51,595","¥48,248","¥53,787","¥65,244","¥63,312","¥64,267","¥56,474","¥75,109","¥100,447","¥198,586","¥231,344","¥677,436","¥145,828","¥67,059","¥63,546","¥44,372","¥46,979","¥47,572","¥56,140","¥45,087","¥31,132","¥38,790","¥32,135","¥42,756","¥72,384","¥73,580","¥50,098","¥42,702","¥46,200","¥45,998","¥37,941","¥98,071","¥141,065","¥114,053","¥103,524","¥214,395","¥168,928","¥93,474","¥131,420","¥155,253","¥222,703","¥190,235","¥216,174","¥35,025","¥25,023","¥38,737","¥50,141","¥39,917","¥39,428","¥50,930","¥39,902","¥48,308","¥75,000","¥75,349","¥75,098","¥36,378","¥29,430","¥47,785","¥28,028","¥27,972","¥28,091","¥30,070","¥29,055","¥31,000","¥30,031","¥30,076","¥29,768","¥26,628","¥33,108","¥20,028","¥165,900","¥169,758","¥186,465","¥154,977","¥814,644","¥930,861","¥912,180","¥930,978","¥957,216","¥925,788","¥1,403,077","¥1,303,209","¥851,587","¥829,293","¥1,174,298","¥970,543","¥984,207","¥975,250","¥980,508","¥982,335","¥1,011,380","¥594,869",¥0,¥0,¥0,¥0,¥0,¥0,¥0,¥0,¥0,¥0
-,Rocket NowのDAU,0,0,0,0,0,0,0,0,0,0,0,0,299,818,"1,077","1,256","1,322","1,733","2,212","2,062","2,329","2,618","2,749","2,882","3,347","3,579","3,158","3,211","3,246","3,356","3,616","4,404","4,354","3,018","2,945","2,769","2,461","2,624","3,511","3,952","3,019","3,168","2,844","2,718","2,922","4,305","5,065","3,873","3,780","3,321","3,011","3,028","4,008","4,506","4,252","3,735","3,280","3,193","3,575","4,877","4,970","3,762","3,030","2,998","3,256","3,473","4,789","5,136","4,499","3,995","3,963","4,278","4,126","5,647","5,893","4,765","4,484","4,717","5,855","5,794","7,233","7,291","6,017","5,583","5,334","5,783","5,900","7,910","8,218","7,737","8,328","8,587","8,728","8,413","9,752","10,954","9,883","9,732","9,574","9,827","10,376","12,212","13,625","12,347","11,999","12,072","11,534","11,771","13,712","16,164","12,169","10,796","11,458","13,939","13,912","15,673","15,643","15,453","15,465","15,683","14,525","13,962","12,813","14,693","14,595","15,704","15,967","17,618","17,244","17,519","19,338","21,249","22,380","24,067","25,193","25,259","26,423","24,055","23,073","19,828","18,170","17,966","17,085","17,372","17,324","18,260","19,214","18,263","19,039","19,574","22,006","22,739","23,787","25,858","27,227","26,333","24,528","23,338","22,110","19,328","15,560","19,301","19,973","20,919","26,284","30,399","30,970","27,394","31,662","33,763","29,818","27,312","37,746","34,231","31,120","31,954","32,572","24,997","29,255","32,615","29,500",,,,,,,,,,,,,,,,,,,,,,,,,,,,,,,,,,,,,,,,,,,,,,,,,,,,,,,,,,,,,,,"89,691","73,174","90,580","100,101","119,450","111,437","116,403","88,134","84,694","84,440","92,339","96,344","102,990","102,514","127,071","74,576","81,166","88,117","89,909","157,190","141,183","109,148","112,412","105,300","121,455","95,343","168,345","169,121","112,204","129,265","150,216","124,537","152,379","179,193","186,864","107,375","112,190","131,079","148,172","147,086","156,502","178,532","196,075","157,920","167,330","135,773","112,914","188,833","197,725","175,225","112,450","180,239","185,290","163,061","208,069","207,325","138,969","155,209","197,167","180,364","217,508","210,096","240,120","172,892","144,989","162,873","199,624","219,064","256,673","299,248","233,018","201,018","235,085","260,453","247,087","347,146","290,519","241,741","198,649","198,545","213,808","199,967","287,753","266,516","275,674","272,731","175,849","226,933","241,619","284,544","333,980","256,121","253,974","217,362","252,585","232,236","307,651","293,751","254,219","269,194","263,773","235,776","245,968","302,098","264,152","272,566","205,288","275,303","269,722","253,007","350,425","344,501","310,737","332,951","360,173","263,588","280,843","393,005","381,784","329,150","301,102","289,039","270,214","262,798","358,091","394,663","277,759","285,793","281,660","272,176","259,427","248,198","342,250","309,198","250,694","307,932","241,659","318,708","327,336","386,970","260,803","287,210","236,452","252,178","281,784","334,700","308,435","207,112","231,075","280,412","289,063","323,851","294,070","358,345","234,960","207,200","255,389","254,898","264,963","357,052","326,531","256,539","246,024","376,340","228,237","287,011","362,930","364,865","272,923","297,652","260,142","273,218","321,733","390,638","366,854","346,454","285,580","380,908","327,785","337,347","337,347"
-,Rocket Nowのインストール数,0,0,0,0,0,0,0,0,0,0,0,0,45,229,257,274,306,381,349,363,569,659,632,623,703,842,674,591,595,587,550,606,670,448,386,358,303,304,393,438,364,407,372,387,435,594,747,672,634,634,476,431,450,422,420,328,328,373,420,424,371,284,254,299,307,332,372,351,413,525,509,441,379,445,515,445,546,615,884,903,898,893,808,746,745,790,939,"1,173","1,141","1,123","1,256","1,526","1,450","1,503","1,738","1,729","1,621","1,667","1,805","2,770","2,926","3,359","3,839","3,046","3,003","3,212","3,093","3,123","3,933","4,718","3,894","3,715","3,792","3,226","3,330","3,618","3,484","3,115","3,283","3,084","3,282","3,500","3,456","3,539","3,773","4,011","3,243","3,100","3,569","4,212","4,006","3,738","3,991","4,232","4,200","4,558","5,923","8,315","8,752","7,740","7,702","6,912","6,105","6,303","6,761","5,604","5,188","4,950","4,157","3,310","3,801","3,749","3,158","3,320","3,143","2,878","2,980","3,067","3,333","3,005","3,101","3,366","4,064","3,569","4,185","4,133","3,471","3,072","3,166","3,870","3,770","4,341","4,650","3,928","3,866","4,048","3,816","3,971","4,057","4,583","4,256","4,243","3,995","4,343","4,558","5,504","6,456","4,807","4,681","4,882","5,500","6,212","7,176","7,485","7,840","7,319","7,227","7,479","7,214","8,992","9,521","9,352","8,874","8,369","9,049","8,722","9,651","11,613","8,265","8,109","8,050","7,802","10,356","13,274","17,156","14,503","14,452","14,701","18,325","16,132","18,400","18,558","17,821","14,209","14,210","15,334","16,238","17,525","18,364","13,697","12,874","12,973","13,786","15,005","18,256","18,804","14,383","14,044","14,440","14,236","15,343","18,103","19,214","13,470","12,833","14,038","15,105","16,492","18,004","18,280","13,855","12,825","12,763","12,440","12,691","16,025","16,511","16,802","12,292","12,887","16,038","18,208","24,637","26,930","20,536","21,454","15,315","17,449","19,829","22,846","23,463","19,260","19,518","14,472","20,811","20,287","25,335","23,013","17,952","17,517","21,029","18,148","19,716","22,956","22,063","22,598","17,768","17,530","20,278","19,793","23,401","24,324","16,308","14,779","15,323","17,670","20,423","23,524","28,715","16,803","14,271","16,811","19,592","17,940","21,301","20,535","18,488","14,762","17,139","20,784","21,633","26,893","30,818","19,948","18,858","20,576","23,442","23,006","26,317","27,530","19,439","16,523","16,264","18,097","17,504","24,247","26,219","20,798","20,487","20,490","21,801","22,746","26,578","26,500","18,848","18,469","29,506","17,114","17,663","28,966","30,752","22,075","18,254","19,291","30,414","22,019","34,716","30,104","20,571","23,304","21,542","17,792","16,934","25,105","25,591","18,174","16,406","16,521","22,001","22,852","28,548","23,973","21,735","20,715","17,500","18,871","20,767","23,774","24,263","19,240","16,742","16,408","22,993","16,362","18,108","21,369","20,833","15,657","14,901","15,860","20,365","20,797","20,248","13,986","12,167","13,256","16,265","14,160","17,119","21,018","13,299","14,120","13,658","14,651","15,080","18,005","18,162","12,540","11,902","11,681","11,677","12,304","15,255","15,866","11,486","10,808","13,718","10,830","10,076","12,775","13,041","10,498","10,582","10,602","12,341","10,179","11,339","12,578","11,972","9,678","11,231","10,605","9,198","12,821"
-,Uber eatsのDAU,"517,585","537,554","570,288","649,128","687,541","599,003","464,686","494,275","520,631","548,030","618,573","605,579","602,987","437,134","483,974","502,904","560,394","678,084","775,288","486,080","449,193","427,397","482,884","534,068","639,710","690,549","488,809","481,644","473,367","499,136","547,882","651,317","638,385","473,405","504,372","523,681","499,367","533,615","704,077","626,201","491,552","631,224","477,628","518,749","488,646","689,995","671,504","526,414","467,204","471,750","508,499","486,794","691,403","625,057","571,067","464,507","456,809","511,797","474,796","597,159","606,636","499,933","473,746","539,332","515,142","587,888","681,331","658,254","493,312","546,205","504,024","530,030","537,703","655,104","792,110","523,726","526,890","554,302","654,813","452,790","589,671","613,045","478,931","532,872","446,492","471,936","493,529","609,658","640,265","513,436","506,609","495,184","582,056","580,272","633,250","693,575","467,941","498,016","476,348","522,042","491,740","587,486","726,837","447,761","425,788","449,048","438,918","458,524","610,535","667,678","377,995","343,581","496,919","436,683","497,823","695,059","634,088","490,500","567,148","416,351","478,139","538,741","596,230","627,168","650,378","709,064","412,010","611,413","645,668","835,734","806,348","610,361","552,022","526,925","567,271","672,159","918,477","766,843","596,298","563,417","628,647","524,564","641,570","847,969","786,215","621,436","485,085","590,938","515,037","578,338","835,724","749,670","523,100","536,691","563,404","554,351","548,689","731,294","743,342","558,534","626,381","557,153","502,692","600,380","810,638","790,698","558,940","526,700","596,425","613,880","628,805","678,814","775,506","539,287","500,045","531,953","547,651","613,775","771,481","749,608","575,961","558,887","590,271","541,674","610,910","817,605","842,169","528,021","574,901","582,293","591,826","588,907","762,032","783,208","522,883","558,175","529,449","572,518","677,106","758,513","845,767","734,625","590,907","601,604","540,354","620,568","874,190","858,936","631,487","653,042","601,242","682,888","745,633","745,301","837,969","565,649","516,872","677,603","569,145","642,221","744,556","885,788","766,005","636,957","618,061","656,080","675,082","761,084","834,810","621,190","553,512","640,818","642,458","798,099","856,887","801,839","646,038","611,425","657,851","595,759","658,920","795,558","842,545","585,452","560,916","576,543","686,179","750,639","709,942","805,299","562,648","561,479","636,827","500,559","607,577","829,779","839,837","763,052","487,199","585,545","560,118","598,469","752,544","860,487","688,226","694,253","506,576","648,793","614,183","683,499","751,299","532,740","579,405","573,842","589,593","606,903","872,405","758,041","568,761","489,252","517,297","529,314","588,002","802,328","769,811","726,511","476,193","550,904","558,014","569,637","736,377","773,093","515,299","515,276","574,096","539,438","552,027","884,522","747,739","512,044","511,238","506,477","473,897","614,074","783,296","790,420","686,842","492,897","511,567","518,925","679,682","799,738","997,322","617,531","575,255","603,216","601,340","672,169","881,761","963,221","623,466","648,373","589,042","661,387","688,326","871,801","861,583","842,938","686,585","519,160","636,544","662,116","868,032","881,993","629,470","618,767","639,175","724,066","811,791","830,487","861,180","648,526","672,305","684,775","652,709","764,246","908,497","1,002,360","713,106","659,305","720,316","715,603","707,684","957,717","989,667","725,610","739,376","839,944","778,184","843,559","937,823","888,252","825,209","744,743","643,686","724,160","763,219","839,335","892,635","690,609","706,524","628,374","623,845","712,558","851,094","915,121","958,406","639,967","690,311","652,759","723,981","878,263","943,416","674,805","694,555","758,806","759,147","783,161","959,574","998,240","792,886","741,472","698,897","806,496","829,488","925,288","979,948","729,567","728,111","705,056","719,945","825,850","1,009,293","1,015,557","735,788","819,089","1,061,212","746,707","835,059","975,232","1,009,286","713,213","692,794","789,059","807,623","797,355","974,494","950,967","935,385","666,199","858,167","739,525","783,670",
-,Uber Eatsのインストール数,"8,018","7,347","7,918","8,396","7,796","6,961","6,122","5,473","5,220","5,663","7,612","7,912","7,213","5,247","4,644","4,811","5,842","7,078","7,712","5,311","5,204","4,726","5,011","5,439","7,003","7,592","5,691","5,701","5,916","5,797","6,946","9,190","8,838","6,276","5,959","6,240","6,164","6,655","8,250","8,363","6,909","7,248","5,741","5,338","5,513","6,764","6,947","5,542","5,127","5,370","5,260","6,009","8,131","8,764","8,429","6,028","5,473","5,948","5,241","8,211","7,712","6,238","6,321","7,355","6,729","7,352","8,864","8,675","7,383","7,505","7,992","7,296","7,869","9,838","11,361","8,558","8,686","9,294","10,065","8,642","9,495","10,414","8,540","8,038","7,803","8,445","8,320","10,226","11,071","8,728","9,590","9,120","8,153","8,033","10,022","10,642","7,698","6,836","6,403","6,323","6,825","9,858","11,032","7,429","6,402","6,461","6,207","6,428","9,027","9,558","6,472","6,281","5,886","5,507","5,700","8,481","9,738","7,206","8,088","6,157","6,249","7,293","7,679","8,853","8,484","9,448","6,495","5,155","6,304","8,388","8,326","6,173","5,148","5,182","5,384","5,683","9,536","9,933","6,984","5,970","6,037","6,235","6,651","9,380","10,087","6,608","5,728","5,400","5,560","6,192","8,637","9,409","6,828","6,183","5,340","4,934","5,356","6,620","7,960","5,790","5,025","4,757","4,393","4,574","7,608","8,240","6,287","5,424","5,223","5,282","5,620","7,525","8,239","5,850","5,195","5,078","4,982","5,182","6,991","7,611","5,672","5,067","4,360","4,561","5,267","6,969","8,375","5,439","4,971","4,801","5,092","5,837","6,998","7,490","6,380","5,424","5,787","6,458","6,510","7,885","8,326","7,882","6,055","5,980","6,426","6,146","8,033","9,138","6,745","6,779","7,307","7,583","8,463","9,053","10,061","7,802","6,901","6,994","7,084","6,837","8,615","9,193","9,192","7,859","7,496","7,190","7,605","7,888","7,943","6,937","6,012","5,974","6,021","6,653","7,789","8,281","6,976","6,305","6,993","6,226","7,337","8,702","9,252","6,731","6,746","7,099","6,422","7,772","8,501","9,145","6,320","5,750","5,611","5,435","6,211","8,027","8,947","8,561","5,679","5,670","6,006","7,002","8,880","8,511","6,136","7,728","5,760","6,064","5,955","8,137","8,493","6,252","6,132","5,577","5,108","5,530","7,747","8,221","5,958","5,454","4,829","4,503","5,262","7,353","7,614","7,241","5,513","5,245","4,653","4,990","6,697","7,587","5,816","5,033","5,184","5,182","5,794","8,041","8,490","5,227","5,110","4,638","5,162","5,600","8,151","8,506","7,754","5,155","5,197","4,900","5,182","7,208","8,790","5,570","4,870","4,667","4,306","5,003","6,498","7,071","5,545","4,744","4,931","5,052","5,029","6,907","8,026","7,506","6,035","5,296","5,174","5,795","7,441","7,723","5,088","5,064","5,108","5,075","5,879","7,294","6,448","5,455","5,556","5,396","4,881","5,763","7,318","8,572","6,221","5,738","5,476","5,169","5,398","7,333","8,271","5,640","5,273","6,320","7,506","7,791","7,508","6,853","6,537","6,500","6,876","6,713","6,987","6,853","7,201","6,721","5,454","5,320","5,156","5,085","7,194","8,155","8,343","5,684","5,138","4,676","3,963","5,953","7,002","5,348","5,498","4,711","5,075","5,936","7,337","8,239","5,949","5,290","5,005","5,009","5,329","7,097","7,145","5,427","5,170","4,839","5,385","5,753","7,586","9,245","6,313","6,264","7,639","5,533","5,411","6,681","6,773","5,212","5,240","5,533","5,581","5,636","6,947","7,496","7,244","5,561","6,459","6,332","6,179","6,846"
-,出前館のDAU,"400,411","265,836","300,256","323,813","407,677","339,016","211,642","265,583","258,445","294,882","363,378","386,185","282,782","236,420","272,354","230,314","243,317","359,355","304,986","146,315","232,832","251,074","220,608","217,903","304,006","311,875","191,826","229,997","178,475","276,854","255,794","434,486","350,108","205,127","178,089","220,114","289,082","361,233","434,887","309,546","242,955","319,420","255,903","204,888","236,089","277,573","383,760","251,858","217,473","186,209","216,833","313,607","349,831","311,748","255,328","204,282","166,811","218,139","238,035","432,260","252,947","237,864","260,463","251,452","231,745","258,489","370,406","300,000","232,912","246,919","214,567","157,375","212,194","346,232","300,861","204,604","228,388","234,716","291,968","233,858","271,492","308,506","180,621","197,831","183,290","173,360","236,910","331,272","276,187","217,118","309,415","224,568","258,679","228,833","289,097","283,151","192,444","178,047","242,635","216,504","264,371","243,230","277,034","157,088","219,780","217,608","183,774","183,964","355,072","263,931","195,394","154,639","208,935","245,301","248,811","378,561","297,978","297,115","325,612","208,430","261,744","294,763","264,724","255,239","308,356","350,135","167,530","145,863","255,631","285,456","245,218","208,258","196,099","130,996","212,701","188,096","286,712","250,650","160,890","208,712","222,122","220,279","281,969","350,450","273,951","169,442","165,555","185,221","181,418","219,093","291,805","314,463","171,293","236,925","217,106","201,624","240,360","302,557","266,779","236,706","197,651","199,432","159,059","261,946","438,037","353,594","156,080","140,564","182,321","212,789","265,316","268,943","350,225","187,583","218,847","249,134","245,205","228,421","364,172","292,924","196,096","279,099","192,169","203,272","279,690","319,259","308,387","144,424","234,864","177,984","234,947","195,900","302,435","250,720","220,454","202,016","236,074","261,818","264,733","273,509","265,936","360,909","212,505","161,099","173,353","233,234","315,777","260,708","133,319","233,755","215,393","214,741","278,986","311,698","321,835","212,182","215,111","265,518","205,765","226,423","302,376","299,904","349,817","224,265","222,298","239,406","286,700","354,457","316,619","206,965","223,303","286,858","220,900","290,821","343,417","379,788","195,596","206,270","183,903","225,167","224,556","339,691","284,636","263,037","181,722","225,130","219,114","268,104","292,940","306,544","214,070","256,773","244,780","210,474","224,326","341,295","396,289","344,573","169,507","184,487","183,950","240,990","296,651","328,076","196,025","268,998","163,052","145,977","170,179","258,716","305,356","165,807","297,901","297,542","245,470","235,136","299,369","277,969","140,874","152,544","158,354","244,600","250,626","329,951","289,889","310,427","281,155","220,298","166,142","162,020","286,364","296,159","166,542","139,382","185,245","158,347","220,870","333,740","248,720","157,171","245,858","225,565","184,612","274,484","366,134","317,359","296,456","192,951","289,065","256,236","261,913","300,945","300,109","249,239","275,032","240,033","246,769","348,960","350,094","316,314","227,078","230,070","197,802","280,491","255,489","342,314","294,373","274,438","234,117","204,107","199,830","213,736","347,299","270,836","213,251","228,035","191,745","155,218","187,871","326,835","310,364","218,930","232,021","229,842","187,682","231,712","365,660","373,819","225,131","226,571","205,121","206,824","238,268","325,268","345,545","201,250","237,288","283,542","210,864","320,708","442,250","296,878","243,723","232,496","194,662","274,993","333,251","372,713","376,085","209,632","184,932","234,434","233,013","183,160","309,956","333,333","336,920","199,221","183,255","217,546","179,409","248,118","307,219","203,897","233,575","219,741","220,490","294,881","266,867","328,739","220,561","190,185","274,686","190,145","251,844","310,190","373,989","184,552","160,786","202,963","257,759","277,856","258,202","272,585","213,313","223,577","364,378","178,863","203,977","291,047","303,634","200,353","202,413","273,213","222,920","268,975","285,137","305,383","375,121","198,992","285,028","239,502","256,874",
-,出前館のインストール数,"2,116","2,273","2,346","2,420","2,609","2,506","2,253","1,948","1,727","1,741","2,315","2,603","2,530","1,813","1,726","1,574","1,637","2,073","2,480","1,782",953,896,"1,485","1,624","2,153","2,441","1,812","1,594","1,554","1,549","1,568","2,170","2,491","1,730","1,559","1,588","1,612","1,655","2,189","2,369","1,793","2,154","1,611","1,490","1,030","1,883","2,086","1,738","1,568",998,"1,608","1,688","2,159","2,396","2,391","1,762","1,607","1,087","1,677","2,127","2,406","2,026","1,971","2,057","1,772","1,686","2,249","2,293","1,004","1,082","1,765","1,058","1,067","2,131","2,955","2,128","1,831","1,930","2,120","1,145","1,165","2,164","1,034","1,005","1,860","1,100","1,274","2,391","2,654","2,526","2,456","2,217","2,018","1,953","2,216","2,535","2,186",998,979,975,"1,026","1,209","2,923","1,959","1,089",982,891,957,"2,002","2,371","1,814",993,977,910,909,"2,072","2,434","1,841","2,117",927,977,"1,879","2,053","2,250","2,223","2,634","1,651",870,920,"2,045","2,236","1,649",877,862,821,814,"2,139","2,252","1,733",907,887,912,978,"2,026","2,458","1,652","1,018",931,961,981,"2,151","2,478","1,821","1,712",910,830,931,"1,080","2,233","1,668",983,958,787,891,"2,029","2,283","1,709",910,919,994,976,"1,845","2,280","1,662","1,090","1,037","1,072","1,010","1,891","2,165","1,674",961,974,951,908,"1,922","2,259","1,682","1,486","1,061","1,548","1,529","1,965","2,207","1,771","1,564","1,527","1,496","1,507","1,885","2,161","2,228","1,677",928,928,974,"1,724","1,858","1,383",703,671,749,"1,340","1,901","2,149","1,786","1,624","1,590",953,"1,030","1,913","2,341","2,262","1,952","1,737","1,076","1,056","1,970","2,094","1,043",983,923,"1,022","1,007","1,964","2,172","1,756","1,540",992,"1,004","1,106","1,993","2,262","1,264","1,061",988,972,998,"1,089","1,123",991,920,916,930,902,"1,157","1,073","1,059",888,845,854,855,"1,048","1,168","1,039","1,138",936,"1,005","1,001","1,181","2,104","1,079","1,023","1,138","1,037","1,145","2,185","2,434","1,633","1,081",983,970,"1,025","2,193","2,286","2,199","1,645",942,901,849,"1,090","2,069","1,051",941,989,902,958,"2,098","2,387","1,680",868,884,815,"1,558","2,074","2,233","2,153","1,632",939,872,919,"1,092","2,278","1,683",888,825,852,995,"1,146","1,199","1,034","1,007",847,953,"1,111","1,324","2,253","2,195","1,660",906,"1,020","1,208","2,190","2,295","1,066","1,040",953,934,"1,184","1,099","2,237",979,885,797,858,"1,185","2,386","2,551","1,802",963,"1,010",969,"1,941","2,109","2,587","1,830","1,016","1,735","2,033","1,880","1,945","2,093","1,197","1,070","1,120","1,079","2,253","2,192","2,270","1,040",943,880,867,817,"1,013","1,143","2,092",944,889,898,"1,505","2,022","2,491","1,634","1,005",919,938,"1,023","1,157","2,254","1,634",955,907,877,965,"1,093","2,093","1,006",989,909,926,"1,024","2,027","2,523","1,763","1,056","2,063","1,009",977,"1,100","1,001",996,906,835,838,792,924,"1,105","1,125",974,"1,750","1,660","1,065","1,038"
,,,,,,,,,,,,,,,,,,,,,,,,,,,,,,,,,,,,,,,,,,,,,,,,,,,,,,,,,,,,,,,,,,,,,,,,,,,,,,,,,,,,,,,,,,,,,,,,,,,,,,,,,,,,,,,,,,,,,,,,,,,,,,,,,,,,,,,,,,,,,,,,,,,,,,,,,,,,,,,,,,,,,,,,,,,,,,,,,,,,,,,,,,,,,,,,,,,,,,,,,,,,,,,,,,,,,,,,,,,,,,,,,,,,,,,,,,,,,,,,,,,,,,,,,,,,,,,,,,,,,,,,,,,,,,,,,,,,,,,,,,,,,,,,,,,,,,,,,,,,,,,,,,,,,,,,,,,,,,,,,,,,,,,,,,,,,,,,,,,,,,,,,,,,,,,,,,,,,,,,,,,,,,,,,,,,,,,,,,,,,,,,,,,,,,,,,,,,,,,,,,,,,,,,,,,,,,,,,,,,,,,,,
,※デジタル（ディスプレイ）はTikTok、Google、Meta、X、その他ディスプレイ系メディアを含む　※ASAは除く,,,,,,,,,,,,,,,,,,,,,,,,,,,,,,,,,,,,,,,,,,,,,,,,,,,,,,,,,,,,,,,,,,,,,,,,,,,,,,,,,,,,,,,,,,,,,,,,,,,,,,,,,,,,,,,,,,,,,,,,,,,,,,,,,,,,,,,,,,,,,,,,,,,,,,,,,,,,,,,,,,,,,,,,,,,,,,,,,,,,,,※7-8月はKDDI数値の計測が「org期間外」となり見れない,,,,,,,,,,,,,,,,,,,,,,,,,,,,,,,,,,,,,,,,,,,,,,,,,,,,,,,,,,,,,,,,,,,,,,,,,,,,,,,,,,,,,,,,,,,,,,,,,,,,,,,,,,,,,,,,,,,,,,,,,,,,,,,,,,,,,,,,,,,,,,,,,,,,,,,,,,,,,,,,,,,,,,,,,,,,,,,,,,,,,,,,,,,,,,,,,,,,,,,,,,,,,,,,,,,,,,,,,,,,,,,,,,,,,,,,,,,,,,,,,,